#
# A fatal error has been detected by the Java Runtime Environment:
#
#  EXCEPTION_ACCESS_VIOLATION (0xc0000005) at pc=0x00007ffdf7005321, pid=9576, tid=7040
#
# JRE version: Java(TM) SE Runtime Environment (21.0.8+12) (build 21.0.8+12-LTS-250)
# Java VM: Java HotSpot(TM) 64-Bit Server VM (21.0.8+12-LTS-250, mixed mode, emulated-client, sharing, tiered, compressed oops, compressed class ptrs, g1 gc, windows-amd64)
# Problematic frame:
# V  [jvm.dll+0x58ab27]
#
# No core dump will be written. Minidumps are not enabled by default on client versions of Windows
#
# If you would like to submit a bug report, please visit:
#   https://bugreport.java.com/bugreport/crash.jsp
# The crash happened outside the Java Virtual Machine in native code.
# See problematic frame for where to report the bug.
#

---------------  S U M M A R Y ------------

Command Line: -XX:TieredStopAtLevel=1 -Dspring.output.ansi.enabled=always -Dcom.sun.management.jmxremote -Dspring.jmx.enabled=true -Dspring.liveBeansView.mbeanDomain -Dspring.application.admin.enabled=true -Dmanagement.endpoints.jmx.exposure.include=* -javaagent:C:\Program Files\JetBrains\IntelliJ IDEA 2026.1\lib\idea_rt.jar=60194 -Dfile.encoding=UTF-8 -Dsun.stdout.encoding=UTF-8 -Dsun.stderr.encoding=UTF-8 com.haider.SecureTaskManagement.SecureTaskManagementApplication

Host: Intel(R) Core(TM) i5-8265U CPU @ 1.60GHz, 8 cores, 15G,  Windows 11 , 64 bit Build 26100 (10.0.26100.8246)
Time: Fri Apr 17 19:40:18 2026 India Standard Time elapsed time: 7.968405 seconds (0d 0h 0m 7s)

---------------  T H R E A D  ---------------

Current thread (0x000001eb87335d80):  JavaThread "main"             [_thread_in_native, id=7040, stack(0x0000002760600000,0x0000002760700000) (1024K)]

Stack: [0x0000002760600000,0x0000002760700000],  sp=0x00000027606f9220,  free space=996k
Native frames: (J=compiled Java code, j=interpreted, Vv=VM code, C=native code)
C  0x00007ffdf7005321

Java frames: (J=compiled Java code, j=interpreted, Vv=VM code)
j  java.net.Inet6AddressImpl.lookupAllHostAddr(Ljava/lang/String;I)[Ljava/net/InetAddress;+0 java.base@21.0.8
j  java.net.Inet6AddressImpl.lookupAllHostAddr(Ljava/lang/String;Ljava/net/spi/InetAddressResolver$LookupPolicy;)[Ljava/net/InetAddress;+6 java.base@21.0.8
j  java.net.InetAddress$PlatformResolver.lookupByName(Ljava/lang/String;Ljava/net/spi/InetAddressResolver$LookupPolicy;)Ljava/util/stream/Stream;+24 java.base@21.0.8
j  java.net.InetAddress.getAddressesFromNameService(Ljava/lang/String;)[Ljava/net/InetAddress;+13 java.base@21.0.8
j  java.net.InetAddress$NameServiceAddresses.get()[Ljava/net/InetAddress;+39 java.base@21.0.8
j  java.net.InetAddress.getAllByName0(Ljava/lang/String;ZZ)[Ljava/net/InetAddress;+172 java.base@21.0.8
j  java.net.InetAddress.getAllByName(Ljava/lang/String;)[Ljava/net/InetAddress;+349 java.base@21.0.8
j  com.mysql.cj.protocol.StandardSocketFactory.connect(Ljava/lang/String;ILcom/mysql/cj/conf/PropertySet;I)Ljava/io/Closeable;+104
j  com.mysql.cj.protocol.a.NativeSocketConnection.connect(Ljava/lang/String;ILcom/mysql/cj/conf/PropertySet;Lcom/mysql/cj/exceptions/ExceptionInterceptor;Lcom/mysql/cj/log/Log;I)V+59
j  com.mysql.cj.NativeSession.connect(Lcom/mysql/cj/conf/HostInfo;Ljava/lang/String;Ljava/lang/String;Ljava/lang/String;ILcom/mysql/cj/TransactionEventHandler;)V+49
j  com.mysql.cj.jdbc.ConnectionImpl.connectOneTryOnly(Z)V+32
j  com.mysql.cj.jdbc.ConnectionImpl.createNewIO(Z)V+31
j  com.mysql.cj.jdbc.ConnectionImpl.<init>(Lcom/mysql/cj/conf/HostInfo;)V+989
j  com.mysql.cj.jdbc.ConnectionImpl.getInstance(Lcom/mysql/cj/conf/HostInfo;)Lcom/mysql/cj/jdbc/JdbcConnection;+5
j  com.mysql.cj.jdbc.NonRegisteringDriver.connect(Ljava/lang/String;Ljava/util/Properties;)Ljava/sql/Connection;+72
j  com.zaxxer.hikari.util.DriverDataSource.getConnection(Ljava/lang/String;Ljava/lang/String;)Ljava/sql/Connection;+61
j  com.zaxxer.hikari.pool.PoolBase.newConnection(Z)Ljava/sql/Connection;+74
j  com.zaxxer.hikari.pool.PoolBase.newPoolEntry(Z)Lcom/zaxxer/hikari/pool/PoolEntry;+6
j  com.zaxxer.hikari.pool.HikariPool.createPoolEntry()Lcom/zaxxer/hikari/pool/PoolEntry;+13
j  com.zaxxer.hikari.pool.HikariPool.checkFailFast()V+20
j  com.zaxxer.hikari.pool.HikariPool.<init>(Lcom/zaxxer/hikari/HikariConfig;)V+163
j  com.zaxxer.hikari.HikariDataSource.getConnection()Ljava/sql/Connection;+82
j  org.hibernate.engine.jdbc.connections.internal.DataSourceConnectionProvider.getConnection()Ljava/sql/Connection;+48
j  org.hibernate.engine.jdbc.env.internal.JdbcEnvironmentInitiator$ConnectionProviderJdbcConnectionAccess.obtainConnection()Ljava/sql/Connection;+4
j  org.hibernate.resource.transaction.backend.jdbc.internal.JdbcIsolationDelegate.delegateWork(Lorg/hibernate/jdbc/WorkExecutorVisitable;Z)Ljava/lang/Object;+4
j  org.hibernate.engine.jdbc.env.internal.JdbcEnvironmentInitiator.getJdbcEnvironmentUsingJdbcMetadata(Lorg/hibernate/engine/jdbc/env/JdbcMetadataOnBoot;Ljava/util/Map;Lorg/hibernate/service/spi/ServiceRegistryImplementor;Lorg/hibernate/engine/jdbc/dialect/spi/DialectFactory;Ljava/lang/String;Ljava/lang/Integer;Ljava/lang/Integer;Ljava/lang/String;)Lorg/hibernate/engine/jdbc/env/internal/JdbcEnvironmentImpl;+115
j  org.hibernate.engine.jdbc.env.internal.JdbcEnvironmentInitiator.getJdbcEnvironment(Ljava/util/Map;Lorg/hibernate/service/spi/ServiceRegistryImplementor;Ljava/lang/String;Ljava/lang/Integer;Ljava/lang/Integer;Ljava/lang/String;)Lorg/hibernate/engine/jdbc/env/spi/JdbcEnvironment;+41
j  org.hibernate.engine.jdbc.env.internal.JdbcEnvironmentInitiator.initiateService(Ljava/util/Map;Lorg/hibernate/service/spi/ServiceRegistryImplementor;)Lorg/hibernate/engine/jdbc/env/spi/JdbcEnvironment;+101
j  org.hibernate.engine.jdbc.env.internal.JdbcEnvironmentInitiator.initiateService(Ljava/util/Map;Lorg/hibernate/service/spi/ServiceRegistryImplementor;)Lorg/hibernate/service/Service;+3
j  org.hibernate.boot.registry.internal.StandardServiceRegistryImpl.initiateService(Lorg/hibernate/service/spi/ServiceInitiator;)Lorg/hibernate/service/Service;+9
j  org.hibernate.service.internal.AbstractServiceRegistryImpl.createService(Lorg/hibernate/service/spi/ServiceBinding;)Lorg/hibernate/service/Service;+26
j  org.hibernate.service.internal.AbstractServiceRegistryImpl.initializeService(Lorg/hibernate/service/spi/ServiceBinding;)Lorg/hibernate/service/Service;+28
j  org.hibernate.service.internal.AbstractServiceRegistryImpl.getService(Ljava/lang/Class;)Lorg/hibernate/service/Service;+112
j  org.hibernate.boot.model.relational.Database.<init>(Lorg/hibernate/boot/spi/MetadataBuildingOptions;)V+10
j  org.hibernate.boot.internal.InFlightMetadataCollectorImpl.getDatabase()Lorg/hibernate/boot/model/relational/Database;+16
j  org.hibernate.boot.internal.InFlightMetadataCollectorImpl.<init>(Lorg/hibernate/boot/spi/BootstrapContext;Lorg/hibernate/boot/spi/MetadataBuildingOptions;)V+365
j  org.hibernate.boot.model.process.spi.MetadataBuildingProcess.complete(Lorg/hibernate/boot/model/process/spi/ManagedResources;Lorg/hibernate/boot/spi/BootstrapContext;Lorg/hibernate/boot/spi/MetadataBuildingOptions;)Lorg/hibernate/boot/spi/MetadataImplementor;+6
j  org.hibernate.jpa.boot.internal.EntityManagerFactoryBuilderImpl.metadata()Lorg/hibernate/boot/spi/MetadataImplementor;+30
j  org.hibernate.jpa.boot.internal.EntityManagerFactoryBuilderImpl.populateSessionFactoryBuilder()Lorg/hibernate/boot/SessionFactoryBuilder;+1
j  org.hibernate.jpa.boot.internal.EntityManagerFactoryBuilderImpl.build()Ljakarta/persistence/EntityManagerFactory;+3
j  org.springframework.orm.jpa.vendor.SpringHibernateJpaPersistenceProvider.createContainerEntityManagerFactory(Ljakarta/persistence/spi/PersistenceUnitInfo;Ljava/util/Map;)Ljakarta/persistence/EntityManagerFactory;+113
j  org.springframework.orm.jpa.LocalContainerEntityManagerFactoryBean.createNativeEntityManagerFactory()Ljakarta/persistence/EntityManagerFactory;+111
j  org.springframework.orm.jpa.AbstractEntityManagerFactoryBean.buildNativeEntityManagerFactory()Ljakarta/persistence/EntityManagerFactory;+1
j  org.springframework.orm.jpa.AbstractEntityManagerFactoryBean.afterPropertiesSet()V+234
j  org.springframework.orm.jpa.LocalContainerEntityManagerFactoryBean.afterPropertiesSet()V+238
j  org.springframework.beans.factory.support.AbstractAutowireCapableBeanFactory.invokeInitMethods(Ljava/lang/String;Ljava/lang/Object;Lorg/springframework/beans/factory/support/RootBeanDefinition;)V+56
j  org.springframework.beans.factory.support.AbstractAutowireCapableBeanFactory.initializeBean(Ljava/lang/String;Ljava/lang/Object;Lorg/springframework/beans/factory/support/RootBeanDefinition;)Ljava/lang/Object;+46
j  org.springframework.beans.factory.support.AbstractAutowireCapableBeanFactory.doCreateBean(Ljava/lang/String;Lorg/springframework/beans/factory/support/RootBeanDefinition;[Ljava/lang/Object;)Ljava/lang/Object;+228
j  org.springframework.beans.factory.support.AbstractAutowireCapableBeanFactory.createBean(Ljava/lang/String;Lorg/springframework/beans/factory/support/RootBeanDefinition;[Ljava/lang/Object;)Ljava/lang/Object;+153
j  org.springframework.beans.factory.support.AbstractBeanFactory.lambda$doGetBean$0(Ljava/lang/String;Lorg/springframework/beans/factory/support/RootBeanDefinition;[Ljava/lang/Object;)Ljava/lang/Object;+4
j  org.springframework.beans.factory.support.AbstractBeanFactory$$Lambda+0x000001eb9e2a1c90.getObject()Ljava/lang/Object;+16
j  org.springframework.beans.factory.support.DefaultSingletonBeanRegistry.getSingleton(Ljava/lang/String;Lorg/springframework/beans/factory/ObjectFactory;)Ljava/lang/Object;+897
J 3239 c1 org.springframework.beans.factory.support.AbstractBeanFactory.doGetBean(Ljava/lang/String;Ljava/lang/Class;[Ljava/lang/Object;Z)Ljava/lang/Object; (791 bytes) @ 0x000001eb9230cb04 [0x000001eb9230c480+0x0000000000000684]
j  org.springframework.beans.factory.support.AbstractBeanFactory.getBean(Ljava/lang/String;)Ljava/lang/Object;+5
j  org.springframework.beans.factory.support.BeanDefinitionValueResolver.resolveReference(Ljava/lang/Object;Lorg/springframework/beans/factory/config/RuntimeBeanReference;)Ljava/lang/Object;+192
j  org.springframework.beans.factory.support.BeanDefinitionValueResolver.resolveValueIfNecessary(Ljava/lang/Object;Ljava/lang/Object;)Ljava/lang/Object;+15
j  org.springframework.beans.factory.support.ConstructorResolver.resolveConstructorArguments(Ljava/lang/String;Lorg/springframework/beans/factory/support/RootBeanDefinition;Lorg/springframework/beans/BeanWrapper;Lorg/springframework/beans/factory/config/ConstructorArgumentValues;Lorg/springframework/beans/factory/config/ConstructorArgumentValues;)I+182
j  org.springframework.beans.factory.support.ConstructorResolver.instantiateUsingFactoryMethod(Ljava/lang/String;Lorg/springframework/beans/factory/support/RootBeanDefinition;[Ljava/lang/Object;)Lorg/springframework/beans/BeanWrapper;+588
j  org.springframework.beans.factory.support.AbstractAutowireCapableBeanFactory.instantiateUsingFactoryMethod(Ljava/lang/String;Lorg/springframework/beans/factory/support/RootBeanDefinition;[Ljava/lang/Object;)Lorg/springframework/beans/BeanWrapper;+11
j  org.springframework.beans.factory.support.AbstractAutowireCapableBeanFactory.createBeanInstance(Ljava/lang/String;Lorg/springframework/beans/factory/support/RootBeanDefinition;[Ljava/lang/Object;)Lorg/springframework/beans/BeanWrapper;+93
j  org.springframework.beans.factory.support.AbstractAutowireCapableBeanFactory.doCreateBean(Ljava/lang/String;Lorg/springframework/beans/factory/support/RootBeanDefinition;[Ljava/lang/Object;)Ljava/lang/Object;+34
j  org.springframework.beans.factory.support.AbstractAutowireCapableBeanFactory.createBean(Ljava/lang/String;Lorg/springframework/beans/factory/support/RootBeanDefinition;[Ljava/lang/Object;)Ljava/lang/Object;+153
j  org.springframework.beans.factory.support.AbstractBeanFactory.lambda$doGetBean$0(Ljava/lang/String;Lorg/springframework/beans/factory/support/RootBeanDefinition;[Ljava/lang/Object;)Ljava/lang/Object;+4
j  org.springframework.beans.factory.support.AbstractBeanFactory$$Lambda+0x000001eb9e2a1c90.getObject()Ljava/lang/Object;+16
j  org.springframework.beans.factory.support.DefaultSingletonBeanRegistry.getSingleton(Ljava/lang/String;Lorg/springframework/beans/factory/ObjectFactory;)Ljava/lang/Object;+897
J 3239 c1 org.springframework.beans.factory.support.AbstractBeanFactory.doGetBean(Ljava/lang/String;Ljava/lang/Class;[Ljava/lang/Object;Z)Ljava/lang/Object; (791 bytes) @ 0x000001eb9230cb04 [0x000001eb9230c480+0x0000000000000684]
J 3243 c1 org.springframework.beans.factory.support.AbstractBeanFactory.getBean(Ljava/lang/String;Ljava/lang/Class;)Ljava/lang/Object; (9 bytes) @ 0x000001eb92308094 [0x000001eb92308040+0x0000000000000054]
j  org.springframework.beans.factory.support.BeanDefinitionValueResolver.resolveReference(Ljava/lang/Object;Lorg/springframework/beans/factory/config/RuntimeBeanReference;)Ljava/lang/Object;+152
j  org.springframework.beans.factory.support.BeanDefinitionValueResolver.resolveValueIfNecessary(Ljava/lang/Object;Ljava/lang/Object;)Ljava/lang/Object;+15
j  org.springframework.beans.factory.support.AbstractAutowireCapableBeanFactory.applyPropertyValues(Ljava/lang/String;Lorg/springframework/beans/factory/config/BeanDefinition;Lorg/springframework/beans/BeanWrapper;Lorg/springframework/beans/PropertyValues;)V+277
j  org.springframework.beans.factory.support.AbstractAutowireCapableBeanFactory.populateBean(Ljava/lang/String;Lorg/springframework/beans/factory/support/RootBeanDefinition;Lorg/springframework/beans/BeanWrapper;)V+351
j  org.springframework.beans.factory.support.AbstractAutowireCapableBeanFactory.doCreateBean(Ljava/lang/String;Lorg/springframework/beans/factory/support/RootBeanDefinition;[Ljava/lang/Object;)Ljava/lang/Object;+220
j  org.springframework.beans.factory.support.AbstractAutowireCapableBeanFactory.createBean(Ljava/lang/String;Lorg/springframework/beans/factory/support/RootBeanDefinition;[Ljava/lang/Object;)Ljava/lang/Object;+153
j  org.springframework.beans.factory.support.AbstractBeanFactory.lambda$doGetBean$0(Ljava/lang/String;Lorg/springframework/beans/factory/support/RootBeanDefinition;[Ljava/lang/Object;)Ljava/lang/Object;+4
j  org.springframework.beans.factory.support.AbstractBeanFactory$$Lambda+0x000001eb9e2a1c90.getObject()Ljava/lang/Object;+16
j  org.springframework.beans.factory.support.DefaultSingletonBeanRegistry.getSingleton(Ljava/lang/String;Lorg/springframework/beans/factory/ObjectFactory;)Ljava/lang/Object;+897
J 3239 c1 org.springframework.beans.factory.support.AbstractBeanFactory.doGetBean(Ljava/lang/String;Ljava/lang/Class;[Ljava/lang/Object;Z)Ljava/lang/Object; (791 bytes) @ 0x000001eb9230cb04 [0x000001eb9230c480+0x0000000000000684]
J 3243 c1 org.springframework.beans.factory.support.AbstractBeanFactory.getBean(Ljava/lang/String;Ljava/lang/Class;)Ljava/lang/Object; (9 bytes) @ 0x000001eb92308094 [0x000001eb92308040+0x0000000000000054]
j  org.springframework.beans.factory.support.DefaultListableBeanFactory.resolveBean(Ljava/lang/String;Lorg/springframework/core/ResolvableType;)Ljava/lang/Object;+6
j  org.springframework.beans.factory.support.DefaultListableBeanFactory.doResolveDependency(Lorg/springframework/beans/factory/config/DependencyDescriptor;Ljava/lang/String;Ljava/util/Set;Lorg/springframework/beans/TypeConverter;)Ljava/lang/Object;+350
j  org.springframework.beans.factory.support.DefaultListableBeanFactory.resolveDependency(Lorg/springframework/beans/factory/config/DependencyDescriptor;Ljava/lang/String;Ljava/util/Set;Lorg/springframework/beans/TypeConverter;)Ljava/lang/Object;+115
j  org.springframework.beans.factory.annotation.AutowiredAnnotationBeanPostProcessor$AutowiredFieldElement.resolveFieldValue(Ljava/lang/reflect/Field;Ljava/lang/Object;Ljava/lang/String;)Ljava/lang/Object;+81
j  org.springframework.beans.factory.annotation.AutowiredAnnotationBeanPostProcessor$AutowiredFieldElement.inject(Ljava/lang/Object;Ljava/lang/String;Lorg/springframework/beans/PropertyValues;)V+74
j  org.springframework.beans.factory.annotation.InjectionMetadata.inject(Ljava/lang/Object;Ljava/lang/String;Lorg/springframework/beans/PropertyValues;)V+68
j  org.springframework.beans.factory.annotation.AutowiredAnnotationBeanPostProcessor.postProcessProperties(Lorg/springframework/beans/PropertyValues;Ljava/lang/Object;Ljava/lang/String;)Lorg/springframework/beans/PropertyValues;+17
j  org.springframework.beans.factory.support.AbstractAutowireCapableBeanFactory.populateBean(Ljava/lang/String;Lorg/springframework/beans/factory/support/RootBeanDefinition;Lorg/springframework/beans/BeanWrapper;)V+280
j  org.springframework.beans.factory.support.AbstractAutowireCapableBeanFactory.doCreateBean(Ljava/lang/String;Lorg/springframework/beans/factory/support/RootBeanDefinition;[Ljava/lang/Object;)Ljava/lang/Object;+220
j  org.springframework.beans.factory.support.AbstractAutowireCapableBeanFactory.createBean(Ljava/lang/String;Lorg/springframework/beans/factory/support/RootBeanDefinition;[Ljava/lang/Object;)Ljava/lang/Object;+153
j  org.springframework.beans.factory.support.AbstractBeanFactory.lambda$doGetBean$0(Ljava/lang/String;Lorg/springframework/beans/factory/support/RootBeanDefinition;[Ljava/lang/Object;)Ljava/lang/Object;+4
j  org.springframework.beans.factory.support.AbstractBeanFactory$$Lambda+0x000001eb9e2a1c90.getObject()Ljava/lang/Object;+16
j  org.springframework.beans.factory.support.DefaultSingletonBeanRegistry.getSingleton(Ljava/lang/String;Lorg/springframework/beans/factory/ObjectFactory;)Ljava/lang/Object;+897
J 3239 c1 org.springframework.beans.factory.support.AbstractBeanFactory.doGetBean(Ljava/lang/String;Ljava/lang/Class;[Ljava/lang/Object;Z)Ljava/lang/Object; (791 bytes) @ 0x000001eb9230cb04 [0x000001eb9230c480+0x0000000000000684]
J 3243 c1 org.springframework.beans.factory.support.AbstractBeanFactory.getBean(Ljava/lang/String;Ljava/lang/Class;)Ljava/lang/Object; (9 bytes) @ 0x000001eb92308094 [0x000001eb92308040+0x0000000000000054]
j  org.springframework.beans.factory.config.DependencyDescriptor.resolveCandidate(Ljava/lang/String;Ljava/lang/Class;Lorg/springframework/beans/factory/BeanFactory;)Ljava/lang/Object;+3
j  org.springframework.beans.factory.support.DefaultListableBeanFactory.doResolveDependency(Lorg/springframework/beans/factory/config/DependencyDescriptor;Ljava/lang/String;Ljava/util/Set;Lorg/springframework/beans/TypeConverter;)Ljava/lang/Object;+645
j  org.springframework.beans.factory.support.DefaultListableBeanFactory.resolveDependency(Lorg/springframework/beans/factory/config/DependencyDescriptor;Ljava/lang/String;Ljava/util/Set;Lorg/springframework/beans/TypeConverter;)Ljava/lang/Object;+115
j  org.springframework.beans.factory.annotation.AutowiredAnnotationBeanPostProcessor$AutowiredFieldElement.resolveFieldValue(Ljava/lang/reflect/Field;Ljava/lang/Object;Ljava/lang/String;)Ljava/lang/Object;+81
j  org.springframework.beans.factory.annotation.AutowiredAnnotationBeanPostProcessor$AutowiredFieldElement.inject(Ljava/lang/Object;Ljava/lang/String;Lorg/springframework/beans/PropertyValues;)V+74
j  org.springframework.beans.factory.annotation.InjectionMetadata.inject(Ljava/lang/Object;Ljava/lang/String;Lorg/springframework/beans/PropertyValues;)V+68
j  org.springframework.beans.factory.annotation.AutowiredAnnotationBeanPostProcessor.postProcessProperties(Lorg/springframework/beans/PropertyValues;Ljava/lang/Object;Ljava/lang/String;)Lorg/springframework/beans/PropertyValues;+17
j  org.springframework.beans.factory.support.AbstractAutowireCapableBeanFactory.populateBean(Ljava/lang/String;Lorg/springframework/beans/factory/support/RootBeanDefinition;Lorg/springframework/beans/BeanWrapper;)V+280
j  org.springframework.beans.factory.support.AbstractAutowireCapableBeanFactory.doCreateBean(Ljava/lang/String;Lorg/springframework/beans/factory/support/RootBeanDefinition;[Ljava/lang/Object;)Ljava/lang/Object;+220
j  org.springframework.beans.factory.support.AbstractAutowireCapableBeanFactory.createBean(Ljava/lang/String;Lorg/springframework/beans/factory/support/RootBeanDefinition;[Ljava/lang/Object;)Ljava/lang/Object;+153
j  org.springframework.beans.factory.support.AbstractBeanFactory.lambda$doGetBean$0(Ljava/lang/String;Lorg/springframework/beans/factory/support/RootBeanDefinition;[Ljava/lang/Object;)Ljava/lang/Object;+4
j  org.springframework.beans.factory.support.AbstractBeanFactory$$Lambda+0x000001eb9e2a1c90.getObject()Ljava/lang/Object;+16
j  org.springframework.beans.factory.support.DefaultSingletonBeanRegistry.getSingleton(Ljava/lang/String;Lorg/springframework/beans/factory/ObjectFactory;)Ljava/lang/Object;+897
J 3239 c1 org.springframework.beans.factory.support.AbstractBeanFactory.doGetBean(Ljava/lang/String;Ljava/lang/Class;[Ljava/lang/Object;Z)Ljava/lang/Object; (791 bytes) @ 0x000001eb9230cb04 [0x000001eb9230c480+0x0000000000000684]
J 3243 c1 org.springframework.beans.factory.support.AbstractBeanFactory.getBean(Ljava/lang/String;Ljava/lang/Class;)Ljava/lang/Object; (9 bytes) @ 0x000001eb92308094 [0x000001eb92308040+0x0000000000000054]
j  org.springframework.boot.web.servlet.ServletContextInitializerBeans.getOrderedBeansOfType(Lorg/springframework/beans/factory/ListableBeanFactory;Ljava/lang/Class;Lorg/springframework/boot/web/servlet/ServletContextInitializerBeans$Seen;)Ljava/util/List;+68
j  org.springframework.boot.web.servlet.ServletContextInitializerBeans.addAsRegistrationBean(Lorg/springframework/beans/factory/ListableBeanFactory;Ljava/lang/Class;Ljava/lang/Class;Lorg/springframework/boot/web/servlet/ServletContextInitializerBeans$RegistrationBeanAdapter;)V+7
j  org.springframework.boot.web.servlet.ServletContextInitializerBeans.addAsRegistrationBean(Lorg/springframework/beans/factory/ListableBeanFactory;Ljava/lang/Class;Lorg/springframework/boot/web/servlet/ServletContextInitializerBeans$RegistrationBeanAdapter;)V+5
j  org.springframework.boot.web.servlet.ServletContextInitializerBeans.addAdaptableBeans(Lorg/springframework/beans/factory/ListableBeanFactory;)V+34
j  org.springframework.boot.web.servlet.ServletContextInitializerBeans.<init>(Lorg/springframework/beans/factory/ListableBeanFactory;[Ljava/lang/Class;)V+54
j  org.springframework.boot.web.context.servlet.WebApplicationContextInitializer.initialize(Ljakarta/servlet/ServletContext;)V+49
j  org.springframework.boot.web.server.servlet.context.ServletWebServerApplicationContext$$Lambda+0x000001eb9e575fe0.onStartup(Ljakarta/servlet/ServletContext;)V+5
j  org.springframework.boot.tomcat.servlet.DeferredServletContainerInitializers.onStartup(Ljava/util/Set;Ljakarta/servlet/ServletContext;)V+33
j  org.apache.catalina.core.StandardContext.startInternal()V+1043
j  org.apache.catalina.util.LifecycleBase.start()V+210
j  org.apache.catalina.core.ContainerBase$StartChild.call()Ljava/lang/Void;+4
j  org.apache.catalina.core.ContainerBase$StartChild.call()Ljava/lang/Object;+1
j  java.util.concurrent.FutureTask.run()V+39 java.base@21.0.8
j  org.apache.tomcat.util.threads.InlineExecutorService.execute(Ljava/lang/Runnable;)V+38
j  java.util.concurrent.AbstractExecutorService.submit(Ljava/util/concurrent/Callable;)Ljava/util/concurrent/Future;+20 java.base@21.0.8
j  org.apache.catalina.core.ContainerBase.startInternal()V+116
j  org.apache.catalina.core.StandardHost.startInternal()V+177
j  org.apache.catalina.util.LifecycleBase.start()V+210
j  org.apache.catalina.core.ContainerBase$StartChild.call()Ljava/lang/Void;+4
j  org.apache.catalina.core.ContainerBase$StartChild.call()Ljava/lang/Object;+1
j  java.util.concurrent.FutureTask.run()V+39 java.base@21.0.8
j  org.apache.tomcat.util.threads.InlineExecutorService.execute(Ljava/lang/Runnable;)V+38
j  java.util.concurrent.AbstractExecutorService.submit(Ljava/util/concurrent/Callable;)Ljava/util/concurrent/Future;+20 java.base@21.0.8
j  org.apache.catalina.core.ContainerBase.startInternal()V+116
j  org.apache.catalina.core.StandardEngine.startInternal()V+38
j  org.apache.catalina.util.LifecycleBase.start()V+210
j  org.apache.catalina.core.StandardService.startInternal()V+56
j  org.apache.catalina.util.LifecycleBase.start()V+210
j  org.apache.catalina.core.StandardServer.startInternal()V+84
j  org.apache.catalina.util.LifecycleBase.start()V+210
j  org.apache.catalina.startup.Tomcat.start()V+9
j  org.springframework.boot.tomcat.TomcatWebServer.initialize()V+55
j  org.springframework.boot.tomcat.TomcatWebServer.<init>(Lorg/apache/catalina/startup/Tomcat;ZLorg/springframework/boot/web/server/Shutdown;)V+66
j  org.springframework.boot.tomcat.servlet.TomcatServletWebServerFactory.getTomcatWebServer(Lorg/apache/catalina/startup/Tomcat;)Lorg/springframework/boot/tomcat/TomcatWebServer;+21
j  org.springframework.boot.tomcat.servlet.TomcatServletWebServerFactory.getWebServer([Lorg/springframework/boot/web/servlet/ServletContextInitializer;)Lorg/springframework/boot/web/server/WebServer;+16
j  org.springframework.boot.web.server.servlet.context.ServletWebServerApplicationContext.createWebServer()V+68
j  org.springframework.boot.web.server.servlet.context.ServletWebServerApplicationContext.onRefresh()V+5
j  org.springframework.context.support.AbstractApplicationContext.refresh()V+85
j  org.springframework.boot.web.server.servlet.context.ServletWebServerApplicationContext.refresh()V+1
j  org.springframework.boot.SpringApplication.refresh(Lorg/springframework/context/ConfigurableApplicationContext;)V+1
j  org.springframework.boot.SpringApplication.refreshContext(Lorg/springframework/context/ConfigurableApplicationContext;)V+19
j  org.springframework.boot.SpringApplication.run([Ljava/lang/String;)Lorg/springframework/context/ConfigurableApplicationContext;+113
j  org.springframework.boot.SpringApplication.run([Ljava/lang/Class;[Ljava/lang/String;)Lorg/springframework/context/ConfigurableApplicationContext;+9
j  org.springframework.boot.SpringApplication.run(Ljava/lang/Class;[Ljava/lang/String;)Lorg/springframework/context/ConfigurableApplicationContext;+9
j  com.haider.SecureTaskManagement.SecureTaskManagementApplication.main([Ljava/lang/String;)V+3
v  ~StubRoutines::call_stub 0x000001eb91b4100d

siginfo: EXCEPTION_ACCESS_VIOLATION (0xc0000005), data execution prevention violation at address 0x00007ffdf7005321


Registers:
RAX=0x00007ffdf7005321, RBX=0x000001eb9c62e718, RCX=0x000001ebe4b93070, RDX=0x000001eb87336138
RSP=0x00000027606f9218, RBP=0x0000000000000000, RSI=0x000001ebe4e8b2b0, RDI=0x000001eb87335d80
R8 =0x000001eb9c62e710, R9 =0x000001eb9c62e718, R10=0x000000276017f000, R11=0x00000027606f9308
R12=0x000001eb87336350, R13=0x000001eb9c62e710, R14=0x000001eb9e147480, R15=0x000001eb8733b340
RIP=0x00007ffdf7005321, EFLAGS=0x0000000000010206


Register to memory mapping:

RAX=0x00007ffdf7005321 is an unknown value
RBX=0x000001eb9c62e718 points into unknown readable memory: 0x00000007037861d0 | d0 61 78 03 07 00 00 00
RCX=0x000001ebe4b93070 points into unknown readable memory: 0x00007ffdf897b0b0 | b0 b0 97 f8 fd 7f 00 00
RDX=0x000001eb87336138 points into unknown readable memory: 0x00007ffdf8972640 | 40 26 97 f8 fd 7f 00 00
RSP=0x00000027606f9218 is pointing into the stack for thread: 0x000001eb87335d80
RBP=0x0 is null
RSI=0x000001ebe4e8b2b0 points into unknown readable memory: 0x000001ebe36b6650 | 50 66 6b e3 eb 01 00 00
RDI=0x000001eb87335d80 is a thread
R8 =0x000001eb9c62e710 points into unknown readable memory: 0x00000007023307c0 | c0 07 33 02 07 00 00 00
R9 =0x000001eb9c62e718 points into unknown readable memory: 0x00000007037861d0 | d0 61 78 03 07 00 00 00
R10=0x000000276017f000 points into unknown readable memory: 0x0000000000000000 | 00 00 00 00 00 00 00 00
R11=0x00000027606f9308 is pointing into the stack for thread: 0x000001eb87335d80
R12=0x000001eb87336350 points into unknown readable memory: 0x000001ebe36b6650 | 50 66 6b e3 eb 01 00 00
R13=0x000001eb9c62e710 points into unknown readable memory: 0x00000007023307c0 | c0 07 33 02 07 00 00 00
R14=0x000001eb9e147480 is a pointer to class: 
java.net.UnknownHostException {0x000001eb9e147488}
 - instance size:     5
 - klass size:        74
 - access:            public synchronized 
 - flags:             rewritten has_nonstatic_fields has_localvariable_table 
 - state:             linked
 - name:              'java/net/UnknownHostException'
 - super:             'java/io/IOException'
 - sub:               'io/netty/resolver/dns/DefaultDnsCache$2'   
 - arrays:            null
 - methods:           Array<T>(0x000001ebde79a9c8)
 - method ordering:   Array<T>(0x000001eb9db32470)
 - local interfaces:  Array<T>(0x000001eb9d613fd8)
 - trans. interfaces: Array<T>(0x000001eb9d621ef8)
 - constants:         constant pool [26] {0x000001ebde79a8a0} for 'java/net/UnknownHostException' cache=0x000001ebe05dc868
 - class loader data:  loader data: 0x000001eb9c4cdcb0 of 'bootstrap'
 - source file:       'UnknownHostException.java'
 - inner classes:     Array<T>(0x000001eb9d613f60)
 - nest members:     Array<T>(0x000001eb9d613f60)
 - permitted subclasses:     Array<T>(0x000001eb9d613f60)
 - java mirror:       a 'java/lang/Class'{0x00000007037861d0} = 'java/net/UnknownHostException'
 - vtable length      15  (start addr: 0x000001eb9e147640)
 - itable length      2 (start addr: 0x000001eb9e1476b8)
 - ---- static fields (1 words):
 - private static final 'serialVersionUID' 'J' @112 
 - ---- non-static fields (6 words):
 - private transient 'depth' 'I' @12 
 - private transient 'backtrace' 'Ljava/lang/Object;' @16 
 - private 'detailMessage' 'Ljava/lang/String;' @20 
 - private 'cause' 'Ljava/lang/Throwable;' @24 
 - private 'stackTrace' '[Ljava/lang/StackTraceElement;' @28 
 - private 'suppressedExceptions' 'Ljava/util/List;' @32 
 - non-static oop maps: 16-32 
R15=0x000001eb8733b340 points into unknown readable memory: 0x8000001700000001 | 01 00 00 00 17 00 00 80

Top of Stack: (sp=0x00000027606f9218)
0x00000027606f9218:   00007ffdf833ab27 000001eb9c62e718
0x00000027606f9228:   0000000000000000 000001ebe4e8b2b0
0x00000027606f9238:   00000000000003d8 0000000000000000
0x00000027606f9248:   000001ebe4b93070 00000027606f93c0
0x00000027606f9258:   000000000000000f 000001eb9e147480
0x00000027606f9268:   00007ffdf8044972 00009c6d695ef424
0x00000027606f9278:   000001eb9d613fd8 000001eb873a7080
0x00000027606f9288:   000001eb896bcc90 000001eb896bcca0
0x00000027606f9298:   000001eb896bd078 00000000000003d8
0x00000027606f92a8:   000001eb87335d80 000001eb87335d80
0x00000027606f92b8:   000001eb873a6bc0 000001eb87324200
0x00000027606f92c8:   000001eb87324220 000001eb873242e8
0x00000027606f92d8:   00000000000000d8 00000027606f92f0
0x00000027606f92e8:   00007ffdf844bb93 000001eb87335d80
0x00000027606f92f8:   000001eb873a6bc0 000001eb87324200
0x00000027606f9308:   000001eb87324220 000001eb873242e8
0x00000027606f9318:   00000000000000d8 00000027606f9450
0x00000027606f9328:   000001eb9e147480 000001eb9d613fd8
0x00000027606f9338:   000001eb87336138 0000000000000000
0x00000027606f9348:   000001eb87335d80 00000027606f9470
0x00000027606f9358:   000001eb9e147480 000001eb9e147532
0x00000027606f9368:   00007ffdf8173b96 00007ffdf89f0ed0
0x00000027606f9378:   000001eb9e147480 000001eb8733b340
0x00000027606f9388:   000001eb8733b2f0 0000000000000000
0x00000027606f9398:   0000000000000000 0000000000000000
0x00000027606f93a8:   0000000000000000 000001ebde79aa40
0x00000027606f93b8:   000001eb87335d80 000001eb9e147480
0x00000027606f93c8:   0000000f000001c0 0000000000000000
0x00000027606f93d8:   0000000004be02a0 0000000000000001
0x00000027606f93e8:   000001eb87327270 000001eb873272c0
0x00000027606f93f8:   000001eb87327680 000001eb87349eb4
0x00000027606f9408:   000001eb87349ec8 ffffffff00000001 

Instructions: (pc=0x00007ffdf833ab27)
0x00007ffdf833aa27:   00 4d 8b c6 e8 10 6d fe ff 48 8b 4c 24 20 48 83
0x00007ffdf833aa37:   7d 00 00 74 13 48 8b d1 48 8b cb e8 39 ac b3 ff
0x00007ffdf833aa47:   48 8b cd e8 11 ac b3 ff 4c 39 7b 18 74 0c 48 89
0x00007ffdf833aa57:   6b 10 4c 89 7b 18 4c 89 6b 20 49 8b 04 24 33 ed
0x00007ffdf833aa67:   48 85 c0 74 03 8b 68 2c 48 8b cf e8 99 50 e6 ff
0x00007ffdf833aa77:   48 8d 8f 98 03 00 00 e8 9d a2 d8 ff 48 8b cf e8
0x00007ffdf833aa87:   95 5c e6 ff 45 33 c0 48 8b d0 48 8b cf e8 47 2d
0x00007ffdf833aa97:   ee ff 48 8b 8c 24 58 01 00 00 4c 8b e8 48 85 c9
0x00007ffdf833aaa7:   75 04 33 db eb 24 48 8b 49 70 48 85 c9 75 04 33
0x00007ffdf833aab7:   c0 eb 06 ff 15 60 c5 62 00 45 33 c0 48 8b d0 48
0x00007ffdf833aac7:   8b cf e8 12 2d ee ff 48 8b d8 48 8d 4c 24 60 e8
0x00007ffdf833aad7:   95 23 b3 ff 48 8d 8f 98 03 00 00 48 89 bc 24 88
0x00007ffdf833aae7:   00 00 00 e8 31 a2 d8 ff 90 48 8d 8c 24 90 00 00
0x00007ffdf833aaf7:   00 48 8b d7 c7 87 44 04 00 00 04 00 00 00 e8 d6
0x00007ffdf833ab07:   46 e1 ff 48 8b 4c 24 28 48 8b 41 58 48 85 c0 74
0x00007ffdf833ab17:   0f 4c 8b cb 48 8d 97 b8 03 00 00 4d 8b c5 ff d0
0x00007ffdf833ab27:   48 8d 4c 24 60 e8 af d7 ff ff 48 8b cf e8 37 41
0x00007ffdf833ab37:   e6 ff 49 8b 04 24 4c 8b b4 24 58 01 00 00 4c 8b
0x00007ffdf833ab47:   bc 24 60 01 00 00 48 8b 9c 24 68 01 00 00 48 85
0x00007ffdf833ab57:   c0 74 03 89 68 2c 48 8b 76 10 48 85 f6 0f 85 e6
0x00007ffdf833ab67:   fd ff ff 4c 8b ac 24 18 01 00 00 41 80 3f 00 4c
0x00007ffdf833ab77:   8b bc 24 10 01 00 00 48 8b b4 24 28 01 00 00 75
0x00007ffdf833ab87:   05 e8 03 c2 36 00 48 8b 0b 48 8b 9c 24 50 01 00
0x00007ffdf833ab97:   00 8b 81 44 03 00 00 ff c8 89 81 44 03 00 00 48
0x00007ffdf833aba7:   8d 8c 24 d0 00 00 00 e8 cd 44 e1 ff 4c 8b a4 24
0x00007ffdf833abb7:   20 01 00 00 48 8b ac 24 30 01 00 00 48 81 c4 38
0x00007ffdf833abc7:   01 00 00 41 5e 5f c3 cc cc 40 55 48 83 ec 50 83
0x00007ffdf833abd7:   3d f3 1e 64 00 02 48 8b e9 0f 8c c0 00 00 00 65
0x00007ffdf833abe7:   48 8b 04 25 58 00 00 00 8b 15 73 5f 6e 00 48 89
0x00007ffdf833abf7:   5c 24 60 48 89 74 24 68 48 89 7c 24 70 48 8b 1c
0x00007ffdf833ac07:   d0 b8 70 00 00 00 4c 89 74 24 48 4c 89 7c 24 40
0x00007ffdf833ac17:   80 3c 18 00 75 05 e8 6e c1 36 00 48 8b 4d 18 b8 


Stack slot to memory mapping:

stack at sp + 0 slots: 0x000001eb9c62e718 points into unknown readable memory: 0x00000007037861d0 | d0 61 78 03 07 00 00 00
stack at sp + 1 slots: 0x0 is null
stack at sp + 2 slots: 0x000001ebe4e8b2b0 points into unknown readable memory: 0x000001ebe36b6650 | 50 66 6b e3 eb 01 00 00
stack at sp + 3 slots: 0x00000000000003d8 is an unknown value
stack at sp + 4 slots: 0x0 is null
stack at sp + 5 slots: 0x000001ebe4b93070 points into unknown readable memory: 0x00007ffdf897b0b0 | b0 b0 97 f8 fd 7f 00 00
stack at sp + 6 slots: 0x00000027606f93c0 is pointing into the stack for thread: 0x000001eb87335d80
stack at sp + 7 slots: 0x000000000000000f is an unknown value


Compiled method (c1)    8041 3239   !   1       org.springframework.beans.factory.support.AbstractBeanFactory::doGetBean (791 bytes)
 total in heap  [0x000001eb9230bd90,0x000001eb92310f70] = 20960
 relocation     [0x000001eb9230bef0,0x000001eb9230c468] = 1400
 main code      [0x000001eb9230c480,0x000001eb9230e438] = 8120
 stub code      [0x000001eb9230e438,0x000001eb9230e868] = 1072
 oops           [0x000001eb9230e868,0x000001eb9230e8b8] = 80
 metadata       [0x000001eb9230e8b8,0x000001eb9230ea88] = 464
 scopes data    [0x000001eb9230ea88,0x000001eb9230f998] = 3856
 scopes pcs     [0x000001eb9230f998,0x000001eb92310258] = 2240
 dependencies   [0x000001eb92310258,0x000001eb923102f0] = 152
 handler table  [0x000001eb923102f0,0x000001eb92310ea8] = 3000
 nul chk table  [0x000001eb92310ea8,0x000001eb92310f70] = 200

[Constant Pool (empty)]

[MachCode]
[Entry Point]
  # {method} {0x000001ebdec4b740} 'doGetBean' '(Ljava/lang/String;Ljava/lang/Class;[Ljava/lang/Object;Z)Ljava/lang/Object;' in 'org/springframework/beans/factory/support/AbstractBeanFactory'
  # this:     rdx:rdx   = 'org/springframework/beans/factory/support/AbstractBeanFactory'
  # parm0:    r8:r8     = 'java/lang/String'
  # parm1:    r9:r9     = 'java/lang/Class'
  # parm2:    rdi:rdi   = '[Ljava/lang/Object;'
  # parm3:    rsi       = boolean
  #           [sp+0x240]  (sp of caller)
  0x000001eb9230c480: 448b 5208 | 49bb 0000 | 009d eb01 | 0000 4d03 | d34c 3bd0 

  0x000001eb9230c494: ;   {runtime_call ic_miss_stub}
  0x000001eb9230c494: 0f85 e622 | 88ff 660f | 1f44 0000 
[Verified Entry Point]
  0x000001eb9230c4a0: e9db b183 | ffff ff55 | 4881 ec30 | 0200 0090 | 4181 7f20 | 0500 0000 

  0x000001eb9230c4b8: ;   {runtime_call StubRoutines (final stubs)}
  0x000001eb9230c4b8: 7405 e8a1 | 8886 ff48 | 8994 24d0 | 0000 004c | 8984 24f0 | 0000 004c | 898c 24e8 | 0000 0048 
  0x000001eb9230c4d8: 89bc 24d8 | 0000 0089 | b424 e000 | 0000 498b | d066 0f1f 

  0x000001eb9230c4ec: ;   {static_call}
  0x000001eb9230c4ec: 4400 00e8 

  0x000001eb9230c4f0: ; ImmutableOopMap {[208]=Oop [216]=Oop [232]=Oop [240]=Oop }
                      ;*invokestatic transformedBeanName {reexecute=0 rethrow=0 return_oop=0}
                      ; - org.springframework.beans.factory.support.AbstractBeanFactory::transformedBeanName@2 (line 1272)
                      ; - org.springframework.beans.factory.support.AbstractBeanFactory::doGetBean@2 (line 240)
  0x000001eb9230c4f0: 6c7a fcff 

  0x000001eb9230c4f4: ;   {other}
  0x000001eb9230c4f4: 0fff 00a9 | 6407 0000 | e92a 0000 | 000f 1f80 | 0000 0000 | 488b 8424 | f800 0000 | e903 0000 
  0x000001eb9230c514: 0049 8bc0 | 4d8b 9750 

  0x000001eb9230c51c: ; ImmutableOopMap {r8=Oop rax=Oop [208]=Oop [216]=Oop [232]=Oop [240]=Oop }
                      ;*ifnonnull {reexecute=1 rethrow=0 return_oop=0}
                      ; - (reexecute) org.springframework.core.SimpleAliasRegistry::canonicalName@23 (line 234)
                      ; - org.springframework.beans.factory.support.AbstractBeanFactory::transformedBeanName@5 (line 1272)
                      ; - org.springframework.beans.factory.support.AbstractBeanFactory::doGetBean@2 (line 240)
                      ;   {poll}
  0x000001eb9230c51c: 0400 0041 | 8502 4d85 | c00f 847c | 0000 0048 | 8b94 24d0 | 0000 008b | 7210 48c1 | e603 4c8b 
  0x000001eb9230c53c: c048 8bd6 | 4889 8424 | f800 0000 | 0f1f 4400 | 0048 b840 | 4f06 9deb 

  0x000001eb9230c554: ;   {virtual_call}
  0x000001eb9230c554: 0100 00e8 

  0x000001eb9230c558: ; ImmutableOopMap {[208]=Oop [216]=Oop [232]=Oop [240]=Oop [248]=Oop }
                      ;*invokeinterface get {reexecute=0 rethrow=0 return_oop=0}
                      ; - org.springframework.core.SimpleAliasRegistry::canonicalName@7 (line 229)
                      ; - org.springframework.beans.factory.support.AbstractBeanFactory::transformedBeanName@5 (line 1272)
                      ; - org.springframework.beans.factory.support.AbstractBeanFactory::doGetBean@2 (line 240)
  0x000001eb9230c558: c44d 97ff 

  0x000001eb9230c55c: ;   {other}
  0x000001eb9230c55c: 0fff 00a9 | cc07 0002 | 4885 c00f | 8429 0000 

  0x000001eb9230c56c: ;   {metadata('java/lang/String')}
  0x000001eb9230c56c: 0048 be40 | e700 9deb | 0100 0044 | 8b48 0849 | ba00 0000 | 9deb 0100 | 004d 03ca | 493b f10f 
  0x000001eb9230c58c: 85c0 1900 | 00e9 0000 | 0000 4c8b | c04d 85c0 | 0f84 66ff | ffff e96e | ffff ff4c | 8bc0 41b9 
  0x000001eb9230c5ac: 0100 0000 | 488b 9424 | d000 0000 | 4889 8424 | 0001 0000 | 0f1f 8000 

  0x000001eb9230c5c4: ;   {optimized virtual_call}
  0x000001eb9230c5c4: 0000 00e8 

  0x000001eb9230c5c8: ; ImmutableOopMap {[208]=Oop [216]=Oop [232]=Oop [240]=Oop [256]=Oop }
                      ;*invokevirtual getSingleton {reexecute=0 rethrow=0 return_oop=0}
                      ; - org.springframework.beans.factory.support.DefaultSingletonBeanRegistry::getSingleton@3 (line 197)
                      ; - org.springframework.beans.factory.support.AbstractBeanFactory::doGetBean@10 (line 244)
  0x000001eb9230c5c8: 546f fcff 

  0x000001eb9230c5cc: ;   {other}
  0x000001eb9230c5cc: 0fff 00a9 | 3c08 0003 | 4885 c00f | 8411 0000 | 0048 8bbc | 24d8 0000 | 0048 85ff | 0f84 c90a 
  0x000001eb9230c5ec: 0000 4c8b | 8424 0001 | 0000 488b | 9424 d000 

  0x000001eb9230c5fc: ;   {optimized virtual_call}
  0x000001eb9230c5fc: 0000 90e8 

  0x000001eb9230c600: ; ImmutableOopMap {[208]=Oop [216]=Oop [232]=Oop [240]=Oop [256]=Oop }
                      ;*invokevirtual isPrototypeCurrentlyInCreation {reexecute=0 rethrow=0 return_oop=0}
                      ; - org.springframework.beans.factory.support.AbstractBeanFactory::doGetBean@99 (line 261)
  0x000001eb9230c600: fce0 2200 

  0x000001eb9230c604: ;   {other}
  0x000001eb9230c604: 0fff 00a9 | 7408 0004 | 85c0 0f85 | 5d14 0000 | 488b 9424 | d000 0000 | 8b72 6848 | c1e6 0348 
  0x000001eb9230c624: 89b4 2408 | 0100 0048 | 85f6 0f84 | 4b00 0000 | 488b 8424 | 0001 0000 | 4885 c00f | 8497 1300 
  0x000001eb9230c644: 008b baec | 0000 0048 | c1e7 034c | 8bc0 488b | d748 8984 | 2400 0100 | 0048 b8ff | ffff ffff 
  0x000001eb9230c664: ;   {virtual_call}
  0x000001eb9230c664: ffff ffe8 

  0x000001eb9230c668: ; ImmutableOopMap {[208]=Oop [216]=Oop [232]=Oop [240]=Oop [256]=Oop [264]=Oop }
                      ;*invokeinterface containsKey {reexecute=0 rethrow=0 return_oop=0}
                      ; - org.springframework.beans.factory.support.DefaultListableBeanFactory::containsBeanDefinition@11 (line 414)
                      ; - org.springframework.beans.factory.support.AbstractBeanFactory::doGetBean@129 (line 267)
  0x000001eb9230c668: 1427 88ff 

  0x000001eb9230c66c: ;   {other}
  0x000001eb9230c66c: 0fff 00a9 | dc08 0005 | 83e0 0185 | c00f 8495 | 0800 008b | b424 e000 | 0000 85f6 | 0f85 1e00 
  0x000001eb9230c68c: 0000 4c8b | 8424 0001 | 0000 488b | 9424 d000 

  0x000001eb9230c69c: ;   {optimized virtual_call}
  0x000001eb9230c69c: 0000 90e8 

  0x000001eb9230c6a0: ; ImmutableOopMap {[208]=Oop [216]=Oop [232]=Oop [240]=Oop [256]=Oop }
                      ;*invokevirtual markBeanAsCreated {reexecute=0 rethrow=0 return_oop=0}
                      ; - org.springframework.beans.factory.support.AbstractBeanFactory::doGetBean@217 (line 287)
  0x000001eb9230c6a0: d91d 0000 

  0x000001eb9230c6a4: ;   {other}
  0x000001eb9230c6a4: 0fff 00a9 | 1409 0006 | 4c8b 8c24 | e800 0000 | 488b 9424 | d000 0000 | 448b 829c | 0000 0049 
  0x000001eb9230c6c4: c1e0 034d | 85c0 0f84 | 2a00 0000 

  0x000001eb9230c6d0: ;   {metadata('org/springframework/core/metrics/DefaultApplicationStartup')}
  0x000001eb9230c6d0: 48b8 0050 | 109e eb01 | 0000 418b | 5808 49ba | 0000 009d | eb01 0000 | 4903 da48 | 3b43 380f 
  0x000001eb9230c6f0: 8565 1800 | 00e9 0000 | 0000 498b | f049 3b00 | 4d85 c90f | 8460 0000 | 004d 85c9 | 0f84 3a12 
  0x000001eb9230c710: ;   {oop(a 'java/lang/Class'{0x0000000702a931e8} = 'org/springframework/beans/factory/support/AbstractBeanFactory$$Lambda+0x000001eb9e2a1388')}
  0x000001eb9230c710: 0000 49b8 | e831 a902 | 0700 0000 

  0x000001eb9230c71c: ;   {oop(a 'jdk/internal/misc/Unsafe'{0x00000007023302e0})}
  0x000001eb9230c71c: 48ba e002 | 3302 0700 

  0x000001eb9230c724: ;   {optimized virtual_call}
  0x000001eb9230c724: 0000 90e8 

  0x000001eb9230c728: ; ImmutableOopMap {[208]=Oop [216]=Oop [232]=Oop [240]=Oop [256]=Oop }
                      ;*invokevirtual allocateInstance {reexecute=0 rethrow=0 return_oop=0}
                      ; - java.lang.invoke.DirectMethodHandle::allocateInstance@12 (line 501)
                      ; - java.lang.invoke.DirectMethodHandle$Holder::newInvokeSpecial@1
                      ; - java.lang.invoke.Invokers$Holder::linkToTargetMethod@5
                      ; - org.springframework.beans.factory.support.AbstractBeanFactory::doGetBean@255 (line 294)
  0x000001eb9230c728: 34a3 c1ff 

  0x000001eb9230c72c: ;   {other}
  0x000001eb9230c72c: 0fff 00a9 | 9c09 0007 | 450f be47 | 4045 85c0 | 0f85 2218 | 0000 4c8b | 8c24 e800 | 0000 4d8b 
  0x000001eb9230c74c: d149 c1ea | 0344 8950 | 0c4c 8bc0 | 4d33 c149 | c1e8 1549 | 83f8 000f | 8520 1800 | 004c 8b84 
  0x000001eb9230c76c: 2400 0100 | 0048 8b94 | 24d0 0000 | 0066 0f1f 

  0x000001eb9230c77c: ;   {optimized virtual_call}
  0x000001eb9230c77c: 4400 00e8 

  0x000001eb9230c780: ; ImmutableOopMap {[208]=Oop [216]=Oop [232]=Oop [240]=Oop [256]=Oop }
                      ;*invokevirtual getMergedLocalBeanDefinition {reexecute=0 rethrow=0 return_oop=0}
                      ; - org.springframework.beans.factory.support.AbstractBeanFactory::doGetBean@269 (line 296)
  0x000001eb9230c780: 7ca8 fcff 

  0x000001eb9230c784: ;   {other}
  0x000001eb9230c784: 0fff 00a9 | f409 0008 | 4889 8424 | 1001 0000 | 4c8b c04c | 8b8c 2400 | 0100 0048 | 8bbc 24d8 
  0x000001eb9230c7a4: 0000 0048 | 8b94 24d0 

  0x000001eb9230c7ac: ;   {optimized virtual_call}
  0x000001eb9230c7ac: 0000 00e8 

  0x000001eb9230c7b0: ; ImmutableOopMap {[208]=Oop [216]=Oop [232]=Oop [240]=Oop [256]=Oop [272]=Oop }
                      ;*invokevirtual checkMergedBeanDefinition {reexecute=0 rethrow=0 return_oop=0}
                      ; - org.springframework.beans.factory.support.AbstractBeanFactory::doGetBean@280 (line 297)
  0x000001eb9230c7b0: e91c 0000 

  0x000001eb9230c7b4: ;   {other}
  0x000001eb9230c7b4: 0fff 00a9 | 240a 0009 | 488b 8424 | 1001 0000 

  0x000001eb9230c7c4: ; implicit exception: dispatches to 0x000001eb9230dfa1
  0x000001eb9230c7c4: 8b70 3848 | c1e6 0348 | 89b4 2428 | 0100 0048 | 85f6 0f84 | 9201 0000 

  0x000001eb9230c7dc: ; implicit exception: dispatches to 0x000001eb9230dfa6
  0x000001eb9230c7dc: 8b5e 0c89 | 9c24 2001 | 0000 b900 | 0000 00e9 | 5601 0000 | 4c63 c146 | 8b6c 8610 | 49c1 e503 
  0x000001eb9230c7fc: 448b 725c | 49c1 e603 | 4c8d 8424 | 1002 0000 | 488b f84d | 8970 0849 | 8b06 4883 | c801 4989 
  0x000001eb9230c81c: 00f0 4d0f | b106 0f84 | 1200 0000 | 482b c448 | 2507 f0ff | ff49 8900 | 0f85 7617 | 0000 49ff 
  0x000001eb9230c83c: 8748 0500 | 004c 8bc7 | 4d8b cd48 | 89bc 2400 

  0x000001eb9230c84c: ;   {oop(nullptr)}
  0x000001eb9230c84c: 0100 0048 | bf00 0000 | 0000 0000 | 0048 8b94 | 24d0 0000 | 004c 89b4 | 2430 0100 | 0089 8c24 
  0x000001eb9230c86c: e400 0000 | 4c89 ac24 | 1801 0000 | 0f1f 8000 

  0x000001eb9230c87c: ;   {optimized virtual_call}
  0x000001eb9230c87c: 0000 00e8 

  0x000001eb9230c880: ; ImmutableOopMap {[208]=Oop [216]=Oop [232]=Oop [240]=Oop [256]=Oop [272]=Oop [280]=Oop [296]=Oop [304]=Oop [536]=Oop }
                      ;*invokevirtual isDependent {reexecute=0 rethrow=0 return_oop=0}
                      ; - org.springframework.beans.factory.support.DefaultSingletonBeanRegistry::isDependent@11 (line 626)
                      ; - org.springframework.beans.factory.support.AbstractBeanFactory::doGetBean@326 (line 303)
  0x000001eb9230c880: 281f 0000 

  0x000001eb9230c884: ;   {other}
  0x000001eb9230c884: 0fff 00a9 | f40a 000a | 4c8b c048 | 8d84 2410 | 0200 004c | 8b08 4d85 | c90f 840f | 0000 0048 
  0x000001eb9230c8a4: 8b50 08f0 | 4c0f b10a | 0f85 1117 | 0000 49ff | 8f48 0500 | 0041 83e0 | 0145 85c0 | 0f85 c005 
  0x000001eb9230c8c4: 0000 4c8b | 8424 1801 | 0000 4c8b | 8c24 0001 | 0000 488b | 9424 d000 

  0x000001eb9230c8dc: ;   {optimized virtual_call}
  0x000001eb9230c8dc: 0000 90e8 

  0x000001eb9230c8e0: ; ImmutableOopMap {[208]=Oop [216]=Oop [232]=Oop [240]=Oop [256]=Oop [272]=Oop [280]=Oop [296]=Oop }
                      ;*invokevirtual registerDependentBean {reexecute=0 rethrow=0 return_oop=0}
                      ; - org.springframework.beans.factory.support.AbstractBeanFactory::doGetBean@361 (line 307)
  0x000001eb9230c8e0: c91b 0000 

  0x000001eb9230c8e4: ;   {other}
  0x000001eb9230c8e4: 0fff 00a9 | 540b 000b | 4c8b 8424 | 1801 0000 

  0x000001eb9230c8f4: ;   {oop(nullptr)}
  0x000001eb9230c8f4: 49b9 0000 | 0000 0000 

  0x000001eb9230c8fc: ;   {oop(nullptr)}
  0x000001eb9230c8fc: 0000 48bf | 0000 0000 | 0000 0000 | be00 0000 | 0048 8b94 | 24d0 0000 

  0x000001eb9230c914: ;   {optimized virtual_call}
  0x000001eb9230c914: 0066 90e8 

  0x000001eb9230c918: ; ImmutableOopMap {[208]=Oop [216]=Oop [232]=Oop [240]=Oop [256]=Oop [272]=Oop [280]=Oop [296]=Oop }
                      ;*invokevirtual doGetBean {reexecute=0 rethrow=0 return_oop=0}
                      ; - org.springframework.beans.factory.support.AbstractBeanFactory::getBean@5 (line 196)
                      ; - org.springframework.beans.factory.support.AbstractBeanFactory::doGetBean@367 (line 309)
  0x000001eb9230c918: 84fb ffff 

  0x000001eb9230c91c: ;   {other}
  0x000001eb9230c91c: 0fff 00a9 | 8c0b 000c | 8b8c 24e4 | 0000 00ff | c14d 8b97 

  0x000001eb9230c930: ; ImmutableOopMap {[208]=Oop [216]=Oop [232]=Oop [240]=Oop [256]=Oop [272]=Oop [280]=Oop [296]=Oop }
                      ;*goto {reexecute=1 rethrow=0 return_oop=0}
                      ; - (reexecute) org.springframework.beans.factory.support.AbstractBeanFactory::doGetBean@452 (line 302)
  0x000001eb9230c930: 5004 0000 

  0x000001eb9230c934: ;   {poll}
  0x000001eb9230c934: 4185 028b | 9c24 2001 | 0000 488b | b424 2801 | 0000 488b | 8424 0001 | 0000 488b | 9424 d000 
  0x000001eb9230c954: 0000 3bcb | 0f8c 92fe | ffff 4889 | 8424 0001 | 0000 488b | 8424 1001 | 0000 448b | 4030 49c1 
  0x000001eb9230c974: ;   {oop("singleton"{0x0000000702496f58})}
  0x000001eb9230c974: e003 48ba | 586f 4902 | 0700 0000 | 0f1f 8000 

  0x000001eb9230c984: ;   {optimized virtual_call}
  0x000001eb9230c984: 0000 00e8 

  0x000001eb9230c988: ; ImmutableOopMap {[208]=Oop [216]=Oop [232]=Oop [240]=Oop [256]=Oop [272]=Oop }
                      ;*invokevirtual equals {reexecute=0 rethrow=0 return_oop=0}
                      ; - org.springframework.beans.factory.support.AbstractBeanDefinition::isSingleton@7 (line 533)
                      ; - org.springframework.beans.factory.support.AbstractBeanFactory::doGetBean@457 (line 330)
  0x000001eb9230c988: 542c 94ff 

  0x000001eb9230c98c: ;   {other}
  0x000001eb9230c98c: 0fff 00a9 | fc0b 000e | 85c0 0f85 | 3d00 0000 | 488b 8424 | 1001 0000 | 448b 4030 | 49c1 e003 
  0x000001eb9230c9ac: ;   {oop(""{0x00000007022f4bd0})}
  0x000001eb9230c9ac: 48ba d04b | 2f02 0700 

  0x000001eb9230c9b4: ;   {optimized virtual_call}
  0x000001eb9230c9b4: 0000 90e8 

  0x000001eb9230c9b8: ; ImmutableOopMap {[208]=Oop [216]=Oop [232]=Oop [240]=Oop [256]=Oop [272]=Oop }
                      ;*invokevirtual equals {reexecute=0 rethrow=0 return_oop=0}
                      ; - org.springframework.beans.factory.support.AbstractBeanDefinition::isSingleton@19 (line 533)
                      ; - org.springframework.beans.factory.support.AbstractBeanFactory::doGetBean@457 (line 330)
  0x000001eb9230c9b8: c420 88ff 

  0x000001eb9230c9bc: ;   {other}
  0x000001eb9230c9bc: 0fff 00a9 | 2c0c 000f | 85c0 41b8 | 0000 0000 | 7406 41b8 | 0100 0000 | e906 0000 | 0041 b801 
  0x000001eb9230c9dc: 0000 0041 | 83e0 0145 | 85c0 0f84 | 5d01 0000 

  0x000001eb9230c9ec: ;   {oop(a 'java/lang/Class'{0x0000000702a933d0} = 'org/springframework/beans/factory/support/AbstractBeanFactory$$Lambda+0x000001eb9e2a1c90')}
  0x000001eb9230c9ec: 49b8 d033 | a902 0700 

  0x000001eb9230c9f4: ;   {oop(a 'jdk/internal/misc/Unsafe'{0x00000007023302e0})}
  0x000001eb9230c9f4: 0000 48ba | e002 3302 | 0700 0000 | 0f1f 8000 

  0x000001eb9230ca04: ;   {optimized virtual_call}
  0x000001eb9230ca04: 0000 00e8 

  0x000001eb9230ca08: ; ImmutableOopMap {[208]=Oop [216]=Oop [232]=Oop [240]=Oop [256]=Oop [272]=Oop }
                      ;*invokevirtual allocateInstance {reexecute=0 rethrow=0 return_oop=0}
                      ; - java.lang.invoke.DirectMethodHandle::allocateInstance@12 (line 501)
                      ; - java.lang.invoke.LambdaForm$DMH/0x000001eb9e134400::newInvokeSpecial@1
                      ; - java.lang.invoke.Invokers$Holder::linkToTargetMethod@9
                      ; - org.springframework.beans.factory.support.AbstractBeanFactory::doGetBean@472 (line 331)
  0x000001eb9230ca08: 54a0 c1ff 

  0x000001eb9230ca0c: ;   {other}
  0x000001eb9230ca0c: 0fff 00a9 | 7c0c 0010 | 450f be47 | 4045 85c0 | 0f85 b715 | 0000 488b | 9424 d000 | 0000 4c8b 
  0x000001eb9230ca2c: d249 c1ea | 0344 8950 | 0c4c 8bc0 | 4c33 c249 | c1e8 1549 | 83f8 000f | 85b5 1500 | 0045 0fbe 
  0x000001eb9230ca4c: 4740 4585 | c00f 85bf | 1500 0048 | 8bb4 2400 | 0100 004c | 8bd6 49c1 | ea03 4489 | 5010 4c8b 
  0x000001eb9230ca6c: c04c 33c6 | 49c1 e815 | 4983 f800 | 0f85 b815 | 0000 450f | be47 4045 | 85c0 0f85 | c215 0000 
  0x000001eb9230ca8c: 488b bc24 | 1001 0000 | 4c8b d749 | c1ea 0344 | 8950 144c | 8bc0 4c33 | c749 c1e8 | 1549 83f8 
  0x000001eb9230caac: 000f 85bb | 1500 0045 | 0fbe 4740 | 4585 c00f | 85c5 1500 | 0048 8b9c | 24d8 0000 | 004c 8bd3 
  0x000001eb9230cacc: 49c1 ea03 | 4489 5018 | 4c8b c04c | 33c3 49c1 | e815 4983 | f800 0f85 | be15 0000 | 4c8b c64c 
  0x000001eb9230caec: 8bc8 488b | da48 8bd3 | 4889 b424 | 0001 0000 

  0x000001eb9230cafc: ;   {optimized virtual_call}
  0x000001eb9230cafc: 6666 90e8 

  0x000001eb9230cb00: ; ImmutableOopMap {[208]=Oop [232]=Oop [240]=Oop [256]=Oop [272]=Oop }
                      ;*invokevirtual getSingleton {reexecute=0 rethrow=0 return_oop=0}
                      ; - org.springframework.beans.factory.support.AbstractBeanFactory::doGetBean@477 (line 331)
  0x000001eb9230cb00: c919 0000 

  0x000001eb9230cb04: ;   {other}
  0x000001eb9230cb04: 0fff 00a9 | 740d 0011 | 4c8b c04c | 8b8c 24e8 | 0000 0048 | 8bbc 24f0 | 0000 0048 | 8bb4 2400 
  0x000001eb9230cb24: 0100 0048 | 8b8c 2410 | 0100 0048 | 8b94 24d0 

  0x000001eb9230cb34: ;   {optimized virtual_call}
  0x000001eb9230cb34: 0000 00e8 

  0x000001eb9230cb38: ; ImmutableOopMap {[208]=Oop [232]=Oop [240]=Oop [256]=Oop }
                      ;*invokevirtual getObjectForBeanInstance {reexecute=0 rethrow=0 return_oop=0}
                      ; - org.springframework.beans.factory.support.AbstractBeanFactory::doGetBean@491 (line 343)
  0x000001eb9230cb38: 44b0 ffff 

  0x000001eb9230cb3c: ;   {other}
  0x000001eb9230cb3c: 0fff 00a9 | ac0d 0012 | e99b 0200 | 0048 8b84 | 2410 0100 | 0044 8b40 | 3049 c1e0 

  0x000001eb9230cb58: ;   {oop("prototype"{0x0000000702496f20})}
  0x000001eb9230cb58: 0348 ba20 | 6f49 0207 | 0000 000f 

  0x000001eb9230cb64: ;   {optimized virtual_call}
  0x000001eb9230cb64: 1f40 00e8 

  0x000001eb9230cb68: ; ImmutableOopMap {[208]=Oop [216]=Oop [232]=Oop [240]=Oop [256]=Oop [272]=Oop }
                      ;*invokevirtual equals {reexecute=0 rethrow=0 return_oop=0}
                      ; - org.springframework.beans.factory.support.AbstractBeanDefinition::isPrototype@7 (line 542)
                      ; - org.springframework.beans.factory.support.AbstractBeanFactory::doGetBean@501 (line 346)
  0x000001eb9230cb68: 141f 88ff 

  0x000001eb9230cb6c: ;   {other}
  0x000001eb9230cb6c: 0fff 00a9 | dc0d 0013 | 83e0 0185 | c00f 84ba | 0000 004c | 8b84 2400 | 0100 0048 | 8b94 24d0 
  0x000001eb9230cb8c: ;   {optimized virtual_call}
  0x000001eb9230cb8c: 0000 00e8 

  0x000001eb9230cb90: ; ImmutableOopMap {[208]=Oop [216]=Oop [232]=Oop [240]=Oop [256]=Oop [272]=Oop }
                      ;*invokevirtual beforePrototypeCreation {reexecute=0 rethrow=0 return_oop=0}
                      ; - org.springframework.beans.factory.support.AbstractBeanFactory::doGetBean@513 (line 350)
  0x000001eb9230cb90: ec1e 88ff 

  0x000001eb9230cb94: ;   {other}
  0x000001eb9230cb94: 0fff 00a9 | 040e 0014 | 4c8b 8424 | 0001 0000 | 4c8b 8c24 | 1001 0000 | 488b bc24 | d800 0000 
  0x000001eb9230cbb4: 488b 9424 | d000 0000 

  0x000001eb9230cbbc: ;   {optimized virtual_call}
  0x000001eb9230cbbc: 6666 90e8 

  0x000001eb9230cbc0: ; ImmutableOopMap {[208]=Oop [232]=Oop [240]=Oop [256]=Oop [272]=Oop }
                      ;*invokevirtual createBean {reexecute=0 rethrow=0 return_oop=0}
                      ; - org.springframework.beans.factory.support.AbstractBeanFactory::doGetBean@522 (line 351)
  0x000001eb9230cbc0: bc1e 88ff 

  0x000001eb9230cbc4: ;   {other}
  0x000001eb9230cbc4: 0fff 00a9 | 340e 0015 | 4c8b 8424 | 0001 0000 | 488b 9424 | d000 0000 | 4889 8424 | 3801 0000 
  0x000001eb9230cbe4: ;   {optimized virtual_call}
  0x000001eb9230cbe4: 6666 90e8 

  0x000001eb9230cbe8: ; ImmutableOopMap {[208]=Oop [232]=Oop [240]=Oop [256]=Oop [272]=Oop [312]=Oop }
                      ;*invokevirtual afterPrototypeCreation {reexecute=0 rethrow=0 return_oop=0}
                      ; - org.springframework.beans.factory.support.AbstractBeanFactory::doGetBean@530 (line 354)
  0x000001eb9230cbe8: 941e 88ff 

  0x000001eb9230cbec: ;   {other}
  0x000001eb9230cbec: 0fff 00a9 | 5c0e 0016 | 4c8b 8424 | 3801 0000 | 4c8b 8c24 | e800 0000 | 488b bc24 | f000 0000 
  0x000001eb9230cc0c: 488b b424 | 0001 0000 | 488b 8c24 | 1001 0000 | 488b 9424 | d000 0000 

  0x000001eb9230cc24: ;   {optimized virtual_call}
  0x000001eb9230cc24: 6666 90e8 

  0x000001eb9230cc28: ; ImmutableOopMap {[208]=Oop [232]=Oop [240]=Oop [256]=Oop }
                      ;*invokevirtual getObjectForBeanInstance {reexecute=0 rethrow=0 return_oop=0}
                      ; - org.springframework.beans.factory.support.AbstractBeanFactory::doGetBean@556 (line 356)
  0x000001eb9230cc28: 541e 88ff 

  0x000001eb9230cc2c: ;   {other}
  0x000001eb9230cc2c: 0fff 00a9 | 9c0e 0017 | e9ab 0100 | 0048 8b84 | 2410 0100 | 008b 7030 | 48c1 e603 | 4885 f60f 
  0x000001eb9230cc4c: 8437 0000 | 0044 8b46 | 1449 c1e0 | 0345 8b40 | 0c45 85c0 | 41b8 0000 | 0000 7506 | 41b8 0100 
  0x000001eb9230cc6c: 0000 4183 | e001 4585 | c041 b800 | 0000 0075 | 0641 b801 | 0000 00e9 | 0600 0000 | 41b8 0000 
  0x000001eb9230cc8c: 0000 4183 | e001 4585 | c00f 84f9 | 0b00 0048 | 8b94 24d0 | 0000 008b | ba98 0000 | 0048 c1e7 
  0x000001eb9230ccac: 034c 8bc6 | 488b d748 | 89b4 2440 | 0100 0066 | 9048 b8ff | ffff ffff 

  0x000001eb9230ccc4: ;   {virtual_call}
  0x000001eb9230ccc4: ffff ffe8 

  0x000001eb9230ccc8: ; ImmutableOopMap {[208]=Oop [216]=Oop [232]=Oop [240]=Oop [256]=Oop [272]=Oop [320]=Oop }
                      ;*invokeinterface get {reexecute=0 rethrow=0 return_oop=0}
                      ; - org.springframework.beans.factory.support.AbstractBeanFactory::doGetBean@600 (line 364)
  0x000001eb9230ccc8: b420 88ff 

  0x000001eb9230cccc: ;   {other}
  0x000001eb9230cccc: 0fff 00a9 | 3c0f 0018 | 4885 c00f | 8449 0000 

  0x000001eb9230ccdc: ;   {metadata('org/springframework/beans/factory/config/Scope')}
  0x000001eb9230ccdc: 0049 b9f8 | ad28 9eeb | 0100 0044 | 8b40 0849 | ba00 0000 | 9deb 0100 | 004d 03c2 | 4d3b 4820 
  0x000001eb9230ccfc: 0f84 2400 | 0000 4d3b | c10f 841b | 0000 0041 

  0x000001eb9230cd0c: ;   {runtime_call slow_subtype_check Runtime1 stub}
  0x000001eb9230cd0c: 5041 51e8 | 6c9e 93ff | 4158 4158 | 4585 c00f | 84a7 1300 | 00e9 0000 | 0000 488b | d848 85db 
  0x000001eb9230cd2c: 0f84 aa0a | 0000 4889 | 9c24 4801 | 0000 660f | 1f44 0000 

  0x000001eb9230cd40: ;   {no_reloc}
  0x000001eb9230cd40: e99b 1300 | 0090 9090 | 9090 488b | 9424 d000 | 0000 4c8b | 8424 0001 | 0000 4c8b | 8c24 1001 
  0x000001eb9230cd60: 0000 488b | bc24 d800 | 0000 0f1f 

  0x000001eb9230cd6c: ;   {static_call}
  0x000001eb9230cd6c: 4400 00e8 

  0x000001eb9230cd70: ; ImmutableOopMap {[208]=Oop [232]=Oop [240]=Oop [256]=Oop [272]=Oop [320]=Oop [328]=Oop }
                      ;*invokedynamic {reexecute=0 rethrow=0 return_oop=0}
                      ; - org.springframework.beans.factory.support.AbstractBeanFactory::doGetBean@640 (line 369)
  0x000001eb9230cd70: 0c23 88ff 

  0x000001eb9230cd74: ;   {other}
  0x000001eb9230cd74: 0fff 00a9 | e40f 0019 | 4c8b 8424 | 0001 0000 | 4c8b c848 | 8b94 2448 | 0100 0066 | 0f1f 4400 
  0x000001eb9230cd94: 0048 b8ff | ffff ffff 

  0x000001eb9230cd9c: ;   {virtual_call}
  0x000001eb9230cd9c: ffff ffe8 

  0x000001eb9230cda0: ; ImmutableOopMap {[208]=Oop [232]=Oop [240]=Oop [256]=Oop [272]=Oop [320]=Oop }
                      ;*invokeinterface get {reexecute=0 rethrow=0 return_oop=0}
                      ; - org.springframework.beans.factory.support.AbstractBeanFactory::doGetBean@645 (line 369)
  0x000001eb9230cda0: dc1f 88ff 

  0x000001eb9230cda4: ;   {other}
  0x000001eb9230cda4: 0fff 00a9 | 1410 001a | 4c8b c04c | 8b8c 24e8 | 0000 0048 | 8bbc 24f0 | 0000 0048 | 8bb4 2400 
  0x000001eb9230cdc4: 0100 0048 | 8b8c 2410 | 0100 0048 | 8b94 24d0 

  0x000001eb9230cdd4: ;   {optimized virtual_call}
  0x000001eb9230cdd4: 0000 00e8 

  0x000001eb9230cdd8: ; ImmutableOopMap {[208]=Oop [232]=Oop [240]=Oop [256]=Oop [320]=Oop }
                      ;*invokevirtual getObjectForBeanInstance {reexecute=0 rethrow=0 return_oop=0}
                      ; - org.springframework.beans.factory.support.AbstractBeanFactory::doGetBean@661 (line 378)
  0x000001eb9230cdd8: a41c 88ff 

  0x000001eb9230cddc: ;   {other}
  0x000001eb9230cddc: 0fff 00a9 | 4c10 001b | 488b 9424 | d000 0000 | 440f be42 | 1941 83e0 | 0145 85c0 | 0f85 1607 
  0x000001eb9230cdfc: 0000 4889 | 8424 5001 | 0000 8bb2 | a000 0000 | 48c1 e603 | 4c8b 8424 | 0001 0000 | 488b d666 
  0x000001eb9230ce1c: 9048 b8ff | ffff ffff 

  0x000001eb9230ce24: ;   {virtual_call}
  0x000001eb9230ce24: ffff ffe8 

  0x000001eb9230ce28: ; ImmutableOopMap {[208]=Oop [232]=Oop [240]=Oop [256]=Oop [336]=Oop }
                      ;*invokeinterface get {reexecute=0 rethrow=0 return_oop=0}
                      ; - org.springframework.beans.factory.support.AbstractBeanFactory::clearMergedBeanDefinition@5 (line 1524)
                      ; - org.springframework.beans.factory.support.DefaultListableBeanFactory::clearMergedBeanDefinition@2 (line 986)
                      ; - org.springframework.beans.factory.support.AbstractBeanFactory::doGetBean@702 (line 394)
  0x000001eb9230ce28: 541f 88ff 

  0x000001eb9230ce2c: ;   {other}
  0x000001eb9230ce2c: 0fff 00a9 | 9c10 001c | 4885 c00f | 8429 0000 

  0x000001eb9230ce3c: ;   {metadata('org/springframework/beans/factory/support/RootBeanDefinition')}
  0x000001eb9230ce3c: 0048 ba98 | f022 9eeb | 0100 008b | 7808 49ba | 0000 009d | eb01 0000 | 4903 fa48 | 3b57 500f 
  0x000001eb9230ce5c: 8589 1200 | 00e9 0000 | 0000 488b | d048 85d2 | 0f84 6006 | 0000 be01 | 0000 0040 | 8872 2bf0 
  0x000001eb9230ce7c: 8344 24c0 | 00e9 4c06 | 0000 488b | 9c24 1001 

  0x000001eb9230ce8c: ;   {metadata('org/springframework/beans/factory/BeanCreationException')}
  0x000001eb9230ce8c: 0000 48ba | 109c 229e | eb01 0000 

  0x000001eb9230ce98: ; implicit exception: dispatches to 0x000001eb9230e0f8
  0x000001eb9230ce98: 80ba 2101 | 0000 040f | 8558 1200 | 0049 8b87 | b801 0000 | 488d 7830 | 493b bfc8 | 0100 000f 
  0x000001eb9230ceb8: 8740 1200 | 0049 89bf | b801 0000 | 48c7 0001 | 0000 0048 | 8bca 49ba | 0000 009d | eb01 0000 
  0x000001eb9230ced8: 492b ca89 | 4808 4833 | c989 480c | 4833 c948 | 8948 1048 | 8948 1848 | 8948 2048 | 8948 2848 
  0x000001eb9230cef8: 8984 24b0 | 0100 008b | 7364 48c1 | e603 4885 | f60f 844a | 0800 00e9 | 2008 0000 | 4c8b 8424 
  0x000001eb9230cf18: f000 0000 

  0x000001eb9230cf1c: ;   {static_call}
  0x000001eb9230cf1c: 498b d0e8 

  0x000001eb9230cf20: ; ImmutableOopMap {[208]=Oop [216]=Oop [232]=Oop [240]=Oop [264]=Oop }
                      ;*invokestatic transformedBeanName {reexecute=0 rethrow=0 return_oop=0}
                      ; - org.springframework.beans.factory.support.AbstractBeanFactory::transformedBeanName@2 (line 1272)
                      ; - org.springframework.beans.factory.support.AbstractBeanFactory::originalBeanName@2 (line 1281)
                      ; - org.springframework.beans.factory.support.AbstractBeanFactory::doGetBean@137 (line 269)
  0x000001eb9230cf20: 5c21 88ff 

  0x000001eb9230cf24: ;   {other}
  0x000001eb9230cf24: 0fff 00a9 | 9411 001d | 4c8b c048 | 8b94 24d0 

  0x000001eb9230cf34: ;   {optimized virtual_call}
  0x000001eb9230cf34: 0000 00e8 

  0x000001eb9230cf38: ; ImmutableOopMap {[216]=Oop [232]=Oop [240]=Oop [264]=Oop }
                      ;*invokevirtual canonicalName {reexecute=0 rethrow=0 return_oop=0}
                      ; - org.springframework.beans.factory.support.AbstractBeanFactory::transformedBeanName@5 (line 1272)
                      ; - org.springframework.beans.factory.support.AbstractBeanFactory::originalBeanName@2 (line 1281)
                      ; - org.springframework.beans.factory.support.AbstractBeanFactory::doGetBean@137 (line 269)
  0x000001eb9230cf38: 441b 88ff 

  0x000001eb9230cf3c: ;   {other}
  0x000001eb9230cf3c: 0fff 00a9 | ac11 001e | 4c8b 8424 | f000 0000 

  0x000001eb9230cf4c: ; implicit exception: dispatches to 0x000001eb9230e10a
  0x000001eb9230cf4c: 418b 5014 | 48c1 e203 

  0x000001eb9230cf54: ; implicit exception: dispatches to 0x000001eb9230e10f
  0x000001eb9230cf54: 8b72 0c85 | f6bf 0000 | 0000 7505 | bf01 0000 | 0083 e701 | 85ff 0f85 | cc00 0000 | 450f be40 
  0x000001eb9230cf74: 1045 85c0 | 41b8 0000 | 0000 7506 | 41b8 0100 | 0000 4183 | e001 4585 | c00f 844a | 0000 0041 
  0x000001eb9230cf94: b800 0000 

  0x000001eb9230cf98: ;   {oop(a 'jdk/internal/util/Preconditions$4'{0x00000007022f4bc0})}
  0x000001eb9230cf98: 0048 bfc0 | 4b2f 0207 | 0000 00bf | 0000 0000 | 443b c70f | 8c63 1100 | 0044 3bc6 | 0f8d 6711 
  0x000001eb9230cfb8: 0000 85f6 | 0f86 6c11 | 0000 0fbe | 5210 81e2 | ff00 0000 | 81e2 ffff | 0000 81e2 | ffff 0000 
  0x000001eb9230cfd8: e939 0000 | 00d1 fe41 | b800 0000 

  0x000001eb9230cfe4: ;   {oop(a 'jdk/internal/util/Preconditions$4'{0x00000007022f4bc0})}
  0x000001eb9230cfe4: 0048 bfc0 | 4b2f 0207 | 0000 00bf | 0000 0000 | 443b c70f | 8c43 1100 | 0044 3bc6 | 0f8d 4711 
  0x000001eb9230d004: 0000 0fb7 | 5210 81e2 | ffff 0000 | 81e2 ffff | 0000 83fa | 260f 851d | 0000 0090 

  0x000001eb9230d020: ;   {no_reloc}
  0x000001eb9230d020: e944 1100 | 0090 9090 | 9090 488b 

  0x000001eb9230d02c: ;   {static_call}
  0x000001eb9230d02c: d066 90e8 

  0x000001eb9230d030: ; ImmutableOopMap {[216]=Oop [232]=Oop [264]=Oop }
                      ;*invokedynamic {reexecute=0 rethrow=0 return_oop=0}
                      ; - org.springframework.beans.factory.support.AbstractBeanFactory::originalBeanName@24 (line 1283)
                      ; - org.springframework.beans.factory.support.AbstractBeanFactory::doGetBean@137 (line 269)
  0x000001eb9230d030: 4c20 88ff 

  0x000001eb9230d034: ;   {other}
  0x000001eb9230d034: 0fff 00a9 | a412 001f | 488b b424 | 0801 0000 | 4885 f60f | 8429 0000 

  0x000001eb9230d04c: ;   {metadata('org/springframework/beans/factory/support/AbstractBeanFactory')}
  0x000001eb9230d04c: 0048 b900 | 6f22 9eeb | 0100 008b | 5e08 49ba | 0000 009d | eb01 0000 | 4903 da48 | 3b4b 500f 
  0x000001eb9230d06c: 8505 0000 | 00e9 0500 | 0000 4833 | d2eb 0a48 | ba01 0000 | 0000 0000 | 0085 d248 | 8bbc 24d8 
  0x000001eb9230d08c: 0000 000f | 85cd 0300 | 0048 85ff | 0f85 8c03 | 0000 4c8b | 8c24 e800 | 0000 4d85 | c94c 8bc0 
  0x000001eb9230d0ac: 0f84 4803 | 0000 e90a | 0300 0048 | 8984 2458 | 0100 0048 | 8b94 24d0 | 0000 008b | 720c 48c1 
  0x000001eb9230d0cc: e603 488b | d60f 1f40 | 0048 b8d8 | 6810 9eeb 

  0x000001eb9230d0dc: ;   {virtual_call}
  0x000001eb9230d0dc: 0100 00e8 

  0x000001eb9230d0e0: ; ImmutableOopMap {[208]=Oop [232]=Oop [240]=Oop [256]=Oop [344]=Oop }
                      ;*invokeinterface isTraceEnabled {reexecute=0 rethrow=0 return_oop=0}
                      ; - org.springframework.beans.factory.support.AbstractBeanFactory::doGetBean@28 (line 246)
  0x000001eb9230d0e0: dca0 e5ff 

  0x000001eb9230d0e4: ;   {other}
  0x000001eb9230d0e4: 0fff 00a9 | 5413 0020 | 85c0 0f84 | 8002 0000 | 488b 9424 | d000 0000 | 8b72 3448 | c1e6 034c 
  0x000001eb9230d104: 8b84 2400 | 0100 0048 | 8bd6 0f1f | 8000 0000 | 0048 b8ff | ffff ffff 

  0x000001eb9230d11c: ;   {virtual_call}
  0x000001eb9230d11c: ffff ffe8 

  0x000001eb9230d120: ; ImmutableOopMap {[208]=Oop [232]=Oop [240]=Oop [256]=Oop [344]=Oop }
                      ;*invokeinterface contains {reexecute=0 rethrow=0 return_oop=0}
                      ; - org.springframework.beans.factory.support.DefaultSingletonBeanRegistry::isSingletonCurrentlyInCreation@5 (line 530)
                      ; - org.springframework.beans.factory.support.AbstractBeanFactory::doGetBean@39 (line 247)
  0x000001eb9230d120: 5c1c 88ff 

  0x000001eb9230d124: ;   {other}
  0x000001eb9230d124: 0fff 00a9 | 9413 0021 | 83e0 0185 | c048 8b94 | 24d0 0000 | 000f 8462 | 0000 008b | 720c 48c1 
  0x000001eb9230d144: e603 6690 

  0x000001eb9230d148: ;   {no_reloc}
  0x000001eb9230d148: e935 1000 | 0090 9090 | 9090 488b | 9424 0001 | 0000 4889 | b424 6001 | 0000 0f1f 

  0x000001eb9230d164: ;   {static_call}
  0x000001eb9230d164: 4400 00e8 

  0x000001eb9230d168: ; ImmutableOopMap {[208]=Oop [232]=Oop [240]=Oop [256]=Oop [344]=Oop [352]=Oop }
                      ;*invokedynamic {reexecute=0 rethrow=0 return_oop=0}
                      ; - org.springframework.beans.factory.support.AbstractBeanFactory::doGetBean@51 (line 248)
  0x000001eb9230d168: 141f 88ff 

  0x000001eb9230d16c: ;   {other}
  0x000001eb9230d16c: 0fff 00a9 | dc13 0022 | 4c8b c048 | 8b94 2460 | 0100 0066 | 0f1f 4400 | 0048 b8ff | ffff ffff 
  0x000001eb9230d18c: ;   {virtual_call}
  0x000001eb9230d18c: ffff ffe8 

  0x000001eb9230d190: ; ImmutableOopMap {[208]=Oop [232]=Oop [240]=Oop [256]=Oop [344]=Oop }
                      ;*invokeinterface trace {reexecute=0 rethrow=0 return_oop=0}
                      ; - org.springframework.beans.factory.support.AbstractBeanFactory::doGetBean@56 (line 248)
  0x000001eb9230d190: ec1b 88ff 

  0x000001eb9230d194: ;   {other}
  0x000001eb9230d194: 0fff 00a9 | 0414 0023 | e9d3 0100 | 008b 720c | 48c1 e603 

  0x000001eb9230d1a8: ;   {no_reloc}
  0x000001eb9230d1a8: e9ee 0f00 | 0090 9090 | 9090 488b | 9424 0001 | 0000 4889 | b424 6801 | 0000 0f1f 

  0x000001eb9230d1c4: ;   {static_call}
  0x000001eb9230d1c4: 4400 00e8 

  0x000001eb9230d1c8: ; ImmutableOopMap {[208]=Oop [232]=Oop [240]=Oop [256]=Oop [344]=Oop [360]=Oop }
                      ;*invokedynamic {reexecute=0 rethrow=0 return_oop=0}
                      ; - org.springframework.beans.factory.support.AbstractBeanFactory::doGetBean@70 (line 252)
  0x000001eb9230d1c8: b41e 88ff 

  0x000001eb9230d1cc: ;   {other}
  0x000001eb9230d1cc: 0fff 00a9 | 3c14 0024 | 4c8b c048 | 8b94 2468 | 0100 0066 | 0f1f 4400 | 0048 b8ff | ffff ffff 
  0x000001eb9230d1ec: ;   {virtual_call}
  0x000001eb9230d1ec: ffff ffe8 

  0x000001eb9230d1f0: ; ImmutableOopMap {[208]=Oop [232]=Oop [240]=Oop [256]=Oop [344]=Oop }
                      ;*invokeinterface trace {reexecute=0 rethrow=0 return_oop=0}
                      ; - org.springframework.beans.factory.support.AbstractBeanFactory::doGetBean@75 (line 252)
  0x000001eb9230d1f0: 8c1b 88ff 

  0x000001eb9230d1f4: ;   {other}
  0x000001eb9230d1f4: 0fff 00a9 | 6414 0025 | e973 0100 | 0048 8b9c | 2410 0100 | 004c 8b8c | 24e8 0000 | 0049 8b87 
  0x000001eb9230d214: f804 0000 | 4d33 d24d | 8997 f804 | 0000 4d33 | d24d 8997 | 0005 0000 | 4d85 c90f | 84ef 0400 
  0x000001eb9230d234: 0048 8984 | 2488 0100 

  0x000001eb9230d23c: ;   {metadata('org/springframework/beans/factory/BeanCreationException')}
  0x000001eb9230d23c: 0048 ba10 | 9c22 9eeb | 0100 0080 | ba21 0100 | 0004 0f85 | 560f 0000 | 498b 87b8 | 0100 0048 
  0x000001eb9230d25c: 8d78 3049 | 3bbf c801 | 0000 0f87 | 3e0f 0000 | 4989 bfb8 | 0100 0048 | c700 0100 | 0000 488b 
  0x000001eb9230d27c: ca49 ba00 | 0000 9deb | 0100 0049 | 2bca 8948 | 0848 33c9 | 8948 0c48 | 33c9 4889 | 4810 4889 
  0x000001eb9230d29c: 4818 4889 | 4820 4889 | 4828 4889 | 8424 9001 | 0000 8b73 | 6448 c1e6 | 0348 85f6 | 0f84 6303 
  0x000001eb9230d2bc: 0000 e939 | 0300 0048 | 8b9c 2410 | 0100 0049 | 8b87 f804 | 0000 4d33 | d24d 8997 | f804 0000 
  0x000001eb9230d2dc: 4d33 d24d | 8997 0005 | 0000 4889 | 8424 7001 

  0x000001eb9230d2ec: ;   {metadata('org/springframework/beans/factory/BeanCreationException')}
  0x000001eb9230d2ec: 0000 48ba | 109c 229e | eb01 0000 

  0x000001eb9230d2f8: ; implicit exception: dispatches to 0x000001eb9230e1b7
  0x000001eb9230d2f8: 80ba 2101 | 0000 040f | 85b7 0e00 | 0049 8b87 | b801 0000 | 488d 7830 | 493b bfc8 | 0100 000f 
  0x000001eb9230d318: 879f 0e00 | 0049 89bf | b801 0000 | 48c7 0001 | 0000 0048 | 8bca 49ba | 0000 009d | eb01 0000 
  0x000001eb9230d338: 492b ca89 | 4808 4833 | c989 480c | 4833 c948 | 8948 1048 | 8948 1848 | 8948 2048 | 8948 2848 
  0x000001eb9230d358: 8984 2478 | 0100 008b | 7364 48c1 | e603 4885 | f60f 8402 | 0200 00e9 | de01 0000 | 488b 8424 
  0x000001eb9230d378: 5801 0000 | 4c8b 8c24 | e800 0000 | 4c8b c049 | 8bd9 4c8b | cb48 8bbc | 24f0 0000 | 0048 8bb4 
  0x000001eb9230d398: 2400 0100 

  0x000001eb9230d39c: ;   {oop(nullptr)}
  0x000001eb9230d39c: 0048 b900 | 0000 0000 | 0000 0048 | 8b94 24d0 

  0x000001eb9230d3ac: ;   {optimized virtual_call}
  0x000001eb9230d3ac: 0000 00e8 

  0x000001eb9230d3b0: ; ImmutableOopMap {[208]=Oop [232]=Oop [240]=Oop }
                      ;*invokevirtual getObjectForBeanInstance {reexecute=0 rethrow=0 return_oop=0}
                      ; - org.springframework.beans.factory.support.AbstractBeanFactory::doGetBean@88 (line 255)
  0x000001eb9230d3b0: cca7 ffff 

  0x000001eb9230d3b4: ;   {other}
  0x000001eb9230d3b4: 0fff 00a9 | 2416 0026 | e953 0100 | 004c 8b8c | 24e8 0000 | 0048 8bd6 | 9048 b8ff | ffff ffff 
  0x000001eb9230d3d4: ;   {virtual_call}
  0x000001eb9230d3d4: ffff ffe8 

  0x000001eb9230d3d8: ; ImmutableOopMap {}
                      ;*invokeinterface getBean {reexecute=0 rethrow=0 return_oop=0}
                      ; - org.springframework.beans.factory.support.AbstractBeanFactory::doGetBean@193 (line 279)
  0x000001eb9230d3d8: a419 88ff 

  0x000001eb9230d3dc: ;   {other}
  0x000001eb9230d3dc: 0fff 00a9 | 4c16 0027 | 4881 c430 | 0200 005d 

  0x000001eb9230d3ec: ;   {poll_return}
  0x000001eb9230d3ec: 493b a748 | 0400 000f | 87d0 0d00 | 00c3 488b | d648 b8ff | ffff ffff 

  0x000001eb9230d404: ;   {virtual_call}
  0x000001eb9230d404: ffff ffe8 

  0x000001eb9230d408: ; ImmutableOopMap {}
                      ;*invokeinterface getBean {reexecute=0 rethrow=0 return_oop=0}
                      ; - org.springframework.beans.factory.support.AbstractBeanFactory::doGetBean@203 (line 282)
  0x000001eb9230d408: 7419 88ff 

  0x000001eb9230d40c: ;   {other}
  0x000001eb9230d40c: 0fff 00a9 | 7c16 0028 | 4881 c430 | 0200 005d 

  0x000001eb9230d41c: ;   {poll_return}
  0x000001eb9230d41c: 493b a748 | 0400 000f | 87b6 0d00 | 00c3 4c8b | c04c 8bcf | 488b d666 | 9048 b8ff | ffff ffff 
  0x000001eb9230d43c: ;   {virtual_call}
  0x000001eb9230d43c: ffff ffe8 

  0x000001eb9230d440: ; ImmutableOopMap {}
                      ;*invokeinterface getBean {reexecute=0 rethrow=0 return_oop=0}
                      ; - org.springframework.beans.factory.support.AbstractBeanFactory::doGetBean@178 (line 275)
  0x000001eb9230d440: 3c19 88ff 

  0x000001eb9230d444: ;   {other}
  0x000001eb9230d444: 0fff 00a9 | b416 0029 | 4881 c430 | 0200 005d 

  0x000001eb9230d454: ;   {poll_return}
  0x000001eb9230d454: 493b a748 | 0400 000f | 8794 0d00 | 00c3 4885 | f60f 842a 

  0x000001eb9230d468: ;   {metadata('org/springframework/beans/factory/support/AbstractBeanFactory')}
  0x000001eb9230d468: 0000 0048 | ba00 6f22 | 9eeb 0100 | 0044 8b4e | 0849 ba00 | 0000 9deb | 0100 004d | 03ca 493b 
  0x000001eb9230d488: 5150 0f85 | 7b0d 0000 | e900 0000 | 0048 8bd6 

  0x000001eb9230d498: ; implicit exception: dispatches to 0x000001eb9230e214
  0x000001eb9230d498: 483b 024c | 8bc0 4c8b | 8c24 e800 | 0000 8bb4 | 24e0 0000 

  0x000001eb9230d4ac: ;   {optimized virtual_call}
  0x000001eb9230d4ac: 0066 90e8 

  0x000001eb9230d4b0: ; ImmutableOopMap {}
                      ;*invokevirtual doGetBean {reexecute=0 rethrow=0 return_oop=0}
                      ; - org.springframework.beans.factory.support.AbstractBeanFactory::doGetBean@165 (line 271)
  0x000001eb9230d4b0: cc15 88ff 

  0x000001eb9230d4b4: ;   {other}
  0x000001eb9230d4b4: 0fff 00a9 | 2417 002a | 4881 c430 | 0200 005d 

  0x000001eb9230d4c4: ;   {poll_return}
  0x000001eb9230d4c4: 493b a748 | 0400 000f | 8748 0d00 | 00c3 488b | 9424 d000 | 0000 8bb2 | f000 0000 | 48c1 e603 
  0x000001eb9230d4e4: 4c8b 8424 | 0001 0000 | 488b d666 | 0f1f 4400 | 0048 b8ff | ffff ffff 

  0x000001eb9230d4fc: ;   {virtual_call}
  0x000001eb9230d4fc: ffff ffe8 

  0x000001eb9230d500: ; ImmutableOopMap {[208]=Oop [232]=Oop [240]=Oop [336]=Oop }
                      ;*invokeinterface remove {reexecute=0 rethrow=0 return_oop=0}
                      ; - org.springframework.beans.factory.support.DefaultListableBeanFactory::clearMergedBeanDefinition@10 (line 987)
                      ; - org.springframework.beans.factory.support.AbstractBeanFactory::doGetBean@702 (line 394)
  0x000001eb9230d500: 7c18 88ff 

  0x000001eb9230d504: ;   {other}
  0x000001eb9230d504: 0fff 00a9 | 7417 002b | 488b 8424 | 5001 0000 | 4c8b 8424 | f000 0000 | 4c8b c848 | 8bbc 24e8 
  0x000001eb9230d524: 0000 0048 | 8b94 24d0 

  0x000001eb9230d52c: ;   {optimized virtual_call}
  0x000001eb9230d52c: 0000 00e8 

  0x000001eb9230d530: ; ImmutableOopMap {}
                      ;*invokevirtual adaptBeanInstance {reexecute=0 rethrow=0 return_oop=0}
                      ; - org.springframework.beans.factory.support.AbstractBeanFactory::doGetBean@787 (line 399)
  0x000001eb9230d530: 6cb9 ffff 

  0x000001eb9230d534: ;   {other}
  0x000001eb9230d534: 0fff 00a9 | a417 002c | 4881 c430 | 0200 005d 

  0x000001eb9230d544: ;   {poll_return}
  0x000001eb9230d544: 493b a748 | 0400 000f | 87de 0c00 | 00c3 488b | d648 b8ff | ffff ffff 

  0x000001eb9230d55c: ;   {virtual_call}
  0x000001eb9230d55c: ffff ffe8 

  0x000001eb9230d560: ; ImmutableOopMap {[208]=Oop [256]=Oop [280]=Oop [368]=Oop [376]=Oop }
                      ;*invokeinterface getDescription {reexecute=0 rethrow=0 return_oop=0}
                      ; - org.springframework.beans.factory.support.AbstractBeanDefinition::getResourceDescription@11 (line 1212)
                      ; - org.springframework.beans.factory.support.AbstractBeanFactory::doGetBean@382 (line 312)
  0x000001eb9230d560: 1c18 88ff 

  0x000001eb9230d564: ;   {other}
  0x000001eb9230d564: 0fff 00a9 | d417 002d | e90a 0000 

  0x000001eb9230d570: ;   {oop(nullptr)}
  0x000001eb9230d570: 0048 b800 | 0000 0000 | 0000 0048 | 8984 2480 | 0100 000f | 1f44 0000 

  0x000001eb9230d588: ;   {no_reloc}
  0x000001eb9230d588: e9c7 0c00 | 0090 9090 | 9090 488b | 9424 0001 | 0000 4c8b | 8424 1801 | 0000 0f1f 

  0x000001eb9230d5a4: ;   {static_call}
  0x000001eb9230d5a4: 4400 00e8 

  0x000001eb9230d5a8: ; ImmutableOopMap {[208]=Oop [256]=Oop [368]=Oop [376]=Oop [384]=Oop }
                      ;*invokedynamic {reexecute=0 rethrow=0 return_oop=0}
                      ; - org.springframework.beans.factory.support.AbstractBeanFactory::doGetBean@391 (line 312)
  0x000001eb9230d5a8: d41a 88ff 

  0x000001eb9230d5ac: ;   {other}
  0x000001eb9230d5ac: 0fff 00a9 | 1c18 002e | 4c8b 8424 | 8001 0000 | 4c8b 8c24 | 0001 0000 | 488b f848 | 8bb4 2470 
  0x000001eb9230d5cc: 0100 0048 | 8b94 2478 

  0x000001eb9230d5d4: ;   {optimized virtual_call}
  0x000001eb9230d5d4: 0100 00e8 

  0x000001eb9230d5d8: ; ImmutableOopMap {[208]=Oop [256]=Oop [376]=Oop }
                      ;*invokespecial <init> {reexecute=0 rethrow=0 return_oop=0}
                      ; - org.springframework.beans.factory.support.AbstractBeanFactory::doGetBean@398 (line 312)
  0x000001eb9230d5d8: a414 88ff 

  0x000001eb9230d5dc: ;   {other}
  0x000001eb9230d5dc: 0fff 00a9 | 4c18 002f | 488b 8424 

  0x000001eb9230d5e8: ; ImmutableOopMap {rax=Oop [208]=Oop [256]=Oop }
                      ;*athrow {reexecute=1 rethrow=0 return_oop=0}
                      ; - (reexecute) org.springframework.beans.factory.support.AbstractBeanFactory::doGetBean@401 (line 312)
  0x000001eb9230d5e8: 7801 0000 

  0x000001eb9230d5ec: ;   {section_word}
  0x000001eb9230d5ec: 48ba ecd5 | 3092 eb01 

  0x000001eb9230d5f4: ;   {runtime_call handle_exception_nofpu Runtime1 stub}
  0x000001eb9230d5f4: 0000 e885 | 8393 ff90 | 488b d666 | 0f1f 4400 | 0048 b8ff | ffff ffff 

  0x000001eb9230d60c: ;   {virtual_call}
  0x000001eb9230d60c: ffff ffe8 

  0x000001eb9230d610: ; ImmutableOopMap {[208]=Oop [232]=Oop [256]=Oop [392]=Oop [400]=Oop }
                      ;*invokeinterface getDescription {reexecute=0 rethrow=0 return_oop=0}
                      ; - org.springframework.beans.factory.support.AbstractBeanDefinition::getResourceDescription@11 (line 1212)
                      ; - org.springframework.beans.factory.support.AbstractBeanFactory::doGetBean@414 (line 319)
  0x000001eb9230d610: 6c17 88ff 

  0x000001eb9230d614: ;   {other}
  0x000001eb9230d614: 0fff 00a9 | 8418 0031 | e90a 0000 

  0x000001eb9230d620: ;   {oop(nullptr)}
  0x000001eb9230d620: 0048 b800 | 0000 0000 | 0000 0048 | 8984 2498 | 0100 0048 | 8b94 2488 | 0100 0066 | 9048 b8ff 
  0x000001eb9230d640: ffff ffff 

  0x000001eb9230d644: ;   {virtual_call}
  0x000001eb9230d644: ffff ffe8 

  0x000001eb9230d648: ; ImmutableOopMap {[208]=Oop [232]=Oop [256]=Oop [392]=Oop [400]=Oop [408]=Oop }
                      ;*invokevirtual getBeanName {reexecute=0 rethrow=0 return_oop=0}
                      ; - org.springframework.beans.factory.support.AbstractBeanFactory::doGetBean@421 (line 320)
  0x000001eb9230d648: 3417 88ff 

  0x000001eb9230d64c: ;   {other}
  0x000001eb9230d64c: 0fff 00a9 | bc18 0032 | 4c8b 8c24 | e800 0000 

  0x000001eb9230d65c: ; implicit exception: dispatches to 0x000001eb9230e25e
  0x000001eb9230d65c: 493b 0149 | 8bd1 4889 | 8424 a001 | 0000 0f1f 

  0x000001eb9230d66c: ;   {optimized virtual_call}
  0x000001eb9230d66c: 4400 00e8 

  0x000001eb9230d670: ; ImmutableOopMap {[208]=Oop [256]=Oop [392]=Oop [400]=Oop [408]=Oop [416]=Oop }
                      ;*invokevirtual getSimpleName {reexecute=0 rethrow=0 return_oop=0}
                      ; - org.springframework.beans.factory.support.AbstractBeanFactory::doGetBean@425 (line 321)
  0x000001eb9230d670: 0c14 88ff 

  0x000001eb9230d674: ;   {other}
  0x000001eb9230d674: 0fff 00a9 | e418 0033 | 488b 9424 | 8801 0000 | 4889 8424 | a801 0000 | 9048 b8ff | ffff ffff 
  0x000001eb9230d694: ;   {virtual_call}
  0x000001eb9230d694: ffff ffe8 

  0x000001eb9230d698: ; ImmutableOopMap {[208]=Oop [256]=Oop [392]=Oop [400]=Oop [408]=Oop [416]=Oop [424]=Oop }
                      ;*invokevirtual getMessage {reexecute=0 rethrow=0 return_oop=0}
                      ; - org.springframework.beans.factory.support.AbstractBeanFactory::doGetBean@432 (line 322)
  0x000001eb9230d698: e416 88ff 

  0x000001eb9230d69c: ;   {other}
  0x000001eb9230d69c: 0fff 00a9 | 0c19 0034 | 0f1f 4000 

  0x000001eb9230d6a8: ;   {no_reloc}
  0x000001eb9230d6a8: e9c5 0b00 | 0090 9090 | 9090 488b | 9424 a001 | 0000 4c8b | 8424 a801 | 0000 4c8b | 8c24 0001 
  0x000001eb9230d6c8: 0000 488b 

  0x000001eb9230d6cc: ;   {static_call}
  0x000001eb9230d6cc: f866 90e8 

  0x000001eb9230d6d0: ; ImmutableOopMap {[208]=Oop [256]=Oop [392]=Oop [400]=Oop [408]=Oop }
                      ;*invokedynamic {reexecute=0 rethrow=0 return_oop=0}
                      ; - org.springframework.beans.factory.support.AbstractBeanFactory::doGetBean@435 (line 322)
  0x000001eb9230d6d0: ac19 88ff 

  0x000001eb9230d6d4: ;   {other}
  0x000001eb9230d6d4: 0fff 00a9 | 4419 0035 | 4c8b 8424 | 9801 0000 | 4c8b 8c24 | 0001 0000 | 488b f848 | 8bb4 2488 
  0x000001eb9230d6f4: 0100 0048 | 8b94 2490 

  0x000001eb9230d6fc: ;   {optimized virtual_call}
  0x000001eb9230d6fc: 0100 00e8 

  0x000001eb9230d700: ; ImmutableOopMap {[208]=Oop [256]=Oop [400]=Oop }
                      ;*invokespecial <init> {reexecute=0 rethrow=0 return_oop=0}
                      ; - org.springframework.beans.factory.support.AbstractBeanFactory::doGetBean@442 (line 322)
  0x000001eb9230d700: 7c13 88ff 

  0x000001eb9230d704: ;   {other}
  0x000001eb9230d704: 0fff 00a9 | 7419 0036 | 488b 8424 

  0x000001eb9230d710: ; ImmutableOopMap {rax=Oop [208]=Oop [256]=Oop }
                      ;*athrow {reexecute=1 rethrow=0 return_oop=0}
                      ; - (reexecute) org.springframework.beans.factory.support.AbstractBeanFactory::doGetBean@445 (line 322)
  0x000001eb9230d710: 9001 0000 

  0x000001eb9230d714: ;   {section_word}
  0x000001eb9230d714: 48ba 14d7 | 3092 eb01 

  0x000001eb9230d71c: ;   {runtime_call handle_exception_nofpu Runtime1 stub}
  0x000001eb9230d71c: 0000 e85d 

  0x000001eb9230d720: ; ImmutableOopMap {rax=Oop [208]=Oop [256]=Oop }
                      ;*athrow {reexecute=1 rethrow=0 return_oop=0}
                      ; - (reexecute) org.springframework.beans.factory.support.AbstractBeanFactory::doGetBean@448 (line 324)
  0x000001eb9230d720: 8293 ff90 

  0x000001eb9230d724: ;   {section_word}
  0x000001eb9230d724: 48ba 24d7 | 3092 eb01 

  0x000001eb9230d72c: ;   {runtime_call handle_exception_nofpu Runtime1 stub}
  0x000001eb9230d72c: 0000 e84d | 8293 ff90 | 488b d666 | 0f1f 4400 | 0048 b8ff | ffff ffff 

  0x000001eb9230d744: ;   {virtual_call}
  0x000001eb9230d744: ffff ffe8 

  0x000001eb9230d748: ; ImmutableOopMap {[208]=Oop [256]=Oop [280]=Oop [432]=Oop }
                      ;*invokeinterface getDescription {reexecute=0 rethrow=0 return_oop=0}
                      ; - org.springframework.beans.factory.support.AbstractBeanDefinition::getResourceDescription@11 (line 1212)
                      ; - org.springframework.beans.factory.support.AbstractBeanFactory::doGetBean@338 (line 304)
  0x000001eb9230d748: 3416 88ff 

  0x000001eb9230d74c: ;   {other}
  0x000001eb9230d74c: 0fff 00a9 | bc19 0039 | e90a 0000 

  0x000001eb9230d758: ;   {oop(nullptr)}
  0x000001eb9230d758: 0048 b800 | 0000 0000 | 0000 0048 | 8984 24b8 | 0100 000f | 1f44 0000 

  0x000001eb9230d770: ;   {no_reloc}
  0x000001eb9230d770: e916 0b00 | 0090 9090 | 9090 488b | 9424 0001 | 0000 4c8b | 8424 1801 | 0000 0f1f 

  0x000001eb9230d78c: ;   {static_call}
  0x000001eb9230d78c: 4400 00e8 

  0x000001eb9230d790: ; ImmutableOopMap {[208]=Oop [256]=Oop [432]=Oop [440]=Oop }
                      ;*invokedynamic {reexecute=0 rethrow=0 return_oop=0}
                      ; - org.springframework.beans.factory.support.AbstractBeanFactory::doGetBean@347 (line 304)
  0x000001eb9230d790: ec18 88ff 

  0x000001eb9230d794: ;   {other}
  0x000001eb9230d794: 0fff 00a9 | 041a 003a | 4c8b 8424 | b801 0000 | 4c8b 8c24 | 0001 0000 | 488b f848 | 8b94 24b0 
  0x000001eb9230d7b4: ;   {optimized virtual_call}
  0x000001eb9230d7b4: 0100 00e8 

  0x000001eb9230d7b8: ; ImmutableOopMap {[208]=Oop [256]=Oop [432]=Oop }
                      ;*invokespecial <init> {reexecute=0 rethrow=0 return_oop=0}
                      ; - org.springframework.beans.factory.support.AbstractBeanFactory::doGetBean@352 (line 304)
  0x000001eb9230d7b8: c412 88ff 

  0x000001eb9230d7bc: ;   {other}
  0x000001eb9230d7bc: 0fff 00a9 | 2c1a 003b | 488b 8424 

  0x000001eb9230d7c8: ; ImmutableOopMap {rax=Oop [208]=Oop [256]=Oop }
                      ;*athrow {reexecute=1 rethrow=0 return_oop=0}
                      ; - (reexecute) org.springframework.beans.factory.support.AbstractBeanFactory::doGetBean@355 (line 304)
  0x000001eb9230d7c8: b001 0000 

  0x000001eb9230d7cc: ;   {section_word}
  0x000001eb9230d7cc: 48ba ccd7 | 3092 eb01 

  0x000001eb9230d7d4: ;   {runtime_call handle_exception_nofpu Runtime1 stub}
  0x000001eb9230d7d4: 0000 e8a5 | 8193 ff90 

  0x000001eb9230d7dc: ;   {metadata('java/lang/IllegalStateException')}
  0x000001eb9230d7dc: 48ba b89f | 039e eb01 | 0000 498b | 87b8 0100 | 0048 8d78 | 2849 3bbf | c801 0000 | 0f87 970a 
  0x000001eb9230d7fc: 0000 4989 | bfb8 0100 | 0048 c700 | 0100 0000 | 488b ca49 | ba00 0000 | 9deb 0100 | 0049 2bca 
  0x000001eb9230d81c: 8948 0848 | 33c9 8948 | 0c48 33c9 | 4889 4810 | 4889 4818 | 4889 4820 | 0f1f 4000 

  0x000001eb9230d838: ;   {no_reloc}
  0x000001eb9230d838: e974 0a00 | 0090 9090 | 9090 488b | 9424 4001 | 0000 4889 | 8424 c001 | 0000 0f1f 

  0x000001eb9230d854: ;   {static_call}
  0x000001eb9230d854: 4400 00e8 

  0x000001eb9230d858: ; ImmutableOopMap {[208]=Oop [256]=Oop [448]=Oop }
                      ;*invokedynamic {reexecute=0 rethrow=0 return_oop=0}
                      ; - org.springframework.beans.factory.support.AbstractBeanFactory::doGetBean@621 (line 366)
  0x000001eb9230d858: 2418 88ff 

  0x000001eb9230d85c: ;   {other}
  0x000001eb9230d85c: 0fff 00a9 | cc1a 003d | 4c8b c048 | 8b94 24c0 

  0x000001eb9230d86c: ;   {optimized virtual_call}
  0x000001eb9230d86c: 0100 00e8 

  0x000001eb9230d870: ; ImmutableOopMap {[208]=Oop [256]=Oop [448]=Oop }
                      ;*invokespecial <init> {reexecute=0 rethrow=0 return_oop=0}
                      ; - org.springframework.beans.factory.support.AbstractBeanFactory::doGetBean@626 (line 366)
  0x000001eb9230d870: 0c12 88ff 

  0x000001eb9230d874: ;   {other}
  0x000001eb9230d874: 0fff 00a9 | e41a 003e | 488b 8424 

  0x000001eb9230d880: ; ImmutableOopMap {rax=Oop [208]=Oop [256]=Oop }
                      ;*athrow {reexecute=1 rethrow=0 return_oop=0}
                      ; - (reexecute) org.springframework.beans.factory.support.AbstractBeanFactory::doGetBean@629 (line 366)
  0x000001eb9230d880: c001 0000 

  0x000001eb9230d884: ;   {section_word}
  0x000001eb9230d884: 48ba 84d8 | 3092 eb01 

  0x000001eb9230d88c: ;   {runtime_call handle_exception_nofpu Runtime1 stub}
  0x000001eb9230d88c: 0000 e8ed | 8093 ff90 

  0x000001eb9230d894: ;   {metadata('java/lang/IllegalStateException')}
  0x000001eb9230d894: 48ba b89f | 039e eb01 | 0000 498b | 87b8 0100 | 0048 8d78 | 2849 3bbf | c801 0000 | 0f87 050a 
  0x000001eb9230d8b4: 0000 4989 | bfb8 0100 | 0048 c700 | 0100 0000 | 488b ca49 | ba00 0000 | 9deb 0100 | 0049 2bca 
  0x000001eb9230d8d4: 8948 0848 | 33c9 8948 | 0c48 33c9 | 4889 4810 | 4889 4818 | 4889 4820 | 0f1f 4000 

  0x000001eb9230d8f0: ;   {no_reloc}
  0x000001eb9230d8f0: e9e2 0900 | 0090 9090 | 9090 488b | 9424 0001 | 0000 4889 | 8424 c801 | 0000 0f1f 

  0x000001eb9230d90c: ;   {static_call}
  0x000001eb9230d90c: 4400 00e8 

  0x000001eb9230d910: ; ImmutableOopMap {[208]=Oop [256]=Oop [456]=Oop }
                      ;*invokedynamic {reexecute=0 rethrow=0 return_oop=0}
                      ; - org.springframework.beans.factory.support.AbstractBeanFactory::doGetBean@585 (line 362)
  0x000001eb9230d910: 6c17 88ff 

  0x000001eb9230d914: ;   {other}
  0x000001eb9230d914: 0fff 00a9 | 841b 0040 | 4c8b c048 | 8b94 24c8 

  0x000001eb9230d924: ;   {optimized virtual_call}
  0x000001eb9230d924: 0100 00e8 

  0x000001eb9230d928: ; ImmutableOopMap {[208]=Oop [256]=Oop [456]=Oop }
                      ;*invokespecial <init> {reexecute=0 rethrow=0 return_oop=0}
                      ; - org.springframework.beans.factory.support.AbstractBeanFactory::doGetBean@590 (line 362)
  0x000001eb9230d928: 5411 88ff 

  0x000001eb9230d92c: ;   {other}
  0x000001eb9230d92c: 0fff 00a9 | 9c1b 0041 | 488b 8424 

  0x000001eb9230d938: ; ImmutableOopMap {rax=Oop [208]=Oop [256]=Oop }
                      ;*athrow {reexecute=1 rethrow=0 return_oop=0}
                      ; - (reexecute) org.springframework.beans.factory.support.AbstractBeanFactory::doGetBean@593 (line 362)
  0x000001eb9230d938: c801 0000 

  0x000001eb9230d93c: ;   {section_word}
  0x000001eb9230d93c: 48ba 3cd9 | 3092 eb01 

  0x000001eb9230d944: ;   {runtime_call handle_exception_nofpu Runtime1 stub}
  0x000001eb9230d944: 0000 e835 | 8093 ff90 

  0x000001eb9230d94c: ;   {metadata('java/lang/NullPointerException')}
  0x000001eb9230d94c: 48ba 10db | 069d eb01 | 0000 498b | 87b8 0100 | 0048 8d78 | 3049 3bbf | c801 0000 | 0f87 7309 
  0x000001eb9230d96c: 0000 4989 | bfb8 0100 | 0048 c700 | 0100 0000 | 488b ca49 | ba00 0000 | 9deb 0100 | 0049 2bca 
  0x000001eb9230d98c: 8948 0848 | 33c9 8948 | 0c48 33c9 | 4889 4810 | 4889 4818 | 4889 4820 | 4889 4828 | 488b d048 
  0x000001eb9230d9ac: 8984 24d0 | 0100 000f 

  0x000001eb9230d9b4: ;   {optimized virtual_call}
  0x000001eb9230d9b4: 1f40 00e8 

  0x000001eb9230d9b8: ; ImmutableOopMap {[208]=Oop [216]=Oop [232]=Oop [240]=Oop [256]=Oop [464]=Oop }
                      ;*invokespecial <init> {reexecute=0 rethrow=0 return_oop=0}
                      ; - java.util.Objects::requireNonNull@8 (line 233)
                      ; - org.springframework.beans.factory.support.AbstractBeanFactory::doGetBean@251 (line 294)
  0x000001eb9230d9b8: c410 88ff 

  0x000001eb9230d9bc: ;   {other}
  0x000001eb9230d9bc: 0fff 00a9 | 2c1c 0043 | 488b 8424 

  0x000001eb9230d9c8: ; ImmutableOopMap {rax=Oop [208]=Oop [216]=Oop [232]=Oop [240]=Oop [256]=Oop }
                      ;*athrow {reexecute=1 rethrow=0 return_oop=0}
                      ; - (reexecute) java.util.Objects::requireNonNull@11 (line 233)
                      ; - org.springframework.beans.factory.support.AbstractBeanFactory::doGetBean@251 (line 294)
  0x000001eb9230d9c8: d001 0000 

  0x000001eb9230d9cc: ;   {section_word}
  0x000001eb9230d9cc: 48ba ccd9 | 3092 eb01 

  0x000001eb9230d9d4: ;   {runtime_call handle_exception_nofpu Runtime1 stub}
  0x000001eb9230d9d4: 0000 e8a5 | 7f93 ff90 | 4889 8424 | 0001 0000 

  0x000001eb9230d9e4: ;   {metadata('java/lang/IllegalArgumentException')}
  0x000001eb9230d9e4: 48ba c0c1 | 069d eb01 | 0000 498b | 87b8 0100 | 0048 8d78 | 2849 3bbf | c801 0000 | 0f87 e808 
  0x000001eb9230da04: 0000 4989 | bfb8 0100 | 0048 c700 | 0100 0000 | 488b ca49 | ba00 0000 | 9deb 0100 | 0049 2bca 
  0x000001eb9230da24: 8948 0848 | 33c9 8948 | 0c48 33c9 | 4889 4810 | 4889 4818 | 4889 4820 

  0x000001eb9230da3c: ;   {oop("Bean name must not be null"{0x0000000702a71e80})}
  0x000001eb9230da3c: 49b8 801e | a702 0700 | 0000 488b | d048 8984 | 24d8 0100 | 0066 0f1f 

  0x000001eb9230da54: ;   {optimized virtual_call}
  0x000001eb9230da54: 4400 00e8 

  0x000001eb9230da58: ; ImmutableOopMap {[208]=Oop [216]=Oop [232]=Oop [240]=Oop [256]=Oop [264]=Oop [472]=Oop }
                      ;*invokespecial <init> {reexecute=0 rethrow=0 return_oop=0}
                      ; - org.springframework.util.Assert::notNull@9 (line 182)
                      ; - org.springframework.beans.factory.support.DefaultListableBeanFactory::containsBeanDefinition@3 (line 413)
                      ; - org.springframework.beans.factory.support.AbstractBeanFactory::doGetBean@129 (line 267)
  0x000001eb9230da58: 2410 88ff 

  0x000001eb9230da5c: ;   {other}
  0x000001eb9230da5c: 0fff 00a9 | cc1c 0045 | 488b 8424 | d801 0000 | e9b6 0900 

  0x000001eb9230da70: ;   {metadata('org/springframework/beans/factory/BeanCurrentlyInCreationException')}
  0x000001eb9230da70: 0048 ba98 | 9e22 9eeb | 0100 0080 | ba21 0100 | 0004 0f85 | 7808 0000 | 498b 87b8 | 0100 0048 
  0x000001eb9230da90: 8d78 3049 | 3bbf c801 | 0000 0f87 | 6008 0000 | 4989 bfb8 | 0100 0048 | c700 0100 | 0000 488b 
  0x000001eb9230dab0: ca49 ba00 | 0000 9deb | 0100 0049 | 2bca 8948 | 0848 33c9 | 8948 0c48 | 33c9 4889 | 4810 4889 
  0x000001eb9230dad0: 4818 4889 | 4820 4889 | 4828 4c8b | 8424 0001 | 0000 488b | d048 8984 | 24e0 0100 

  0x000001eb9230daec: ;   {optimized virtual_call}
  0x000001eb9230daec: 0066 90e8 

  0x000001eb9230daf0: ; ImmutableOopMap {[480]=Oop }
                      ;*invokespecial <init> {reexecute=0 rethrow=0 return_oop=0}
                      ; - org.springframework.beans.factory.support.AbstractBeanFactory::doGetBean@111 (line 262)
  0x000001eb9230daf0: 8c0f 88ff 

  0x000001eb9230daf4: ;   {other}
  0x000001eb9230daf4: 0fff 00a9 | 641d 0046 | 488b 8424 | e001 0000 | e91e 0900 | 0049 8b87 | f804 0000 | 4d33 d24d 
  0x000001eb9230db14: 8997 f804 | 0000 4d33 | d24d 8997 | 0005 0000 

  0x000001eb9230db24: ;   {metadata('org/springframework/beans/factory/support/ScopeNotActiveException')}
  0x000001eb9230db24: 488b d848 | bad8 af22 | 9eeb 0100 | 0080 ba21 | 0100 0004 | 0f85 d407 | 0000 498b | 87b8 0100 
  0x000001eb9230db44: 0048 8d78 | 3049 3bbf | c801 0000 | 0f87 bc07 | 0000 4989 | bfb8 0100 | 0048 c700 | 0100 0000 
  0x000001eb9230db64: 488b ca49 | ba00 0000 | 9deb 0100 | 0049 2bca | 8948 0848 | 33c9 8948 | 0c48 33c9 | 4889 4810 
  0x000001eb9230db84: 4889 4818 | 4889 4820 | 4889 4828 | 4c8b 8424 | 0001 0000 | 488b fb48 | 8bd0 4889 | 8424 e801 
  0x000001eb9230dba4: ;   {optimized virtual_call}
  0x000001eb9230dba4: 0000 90e8 

  0x000001eb9230dba8: ; ImmutableOopMap {[208]=Oop [256]=Oop [488]=Oop }
                      ;*invokespecial <init> {reexecute=0 rethrow=0 return_oop=0}
                      ; - org.springframework.beans.factory.support.AbstractBeanFactory::doGetBean@681 (line 381)
  0x000001eb9230dba8: d40e 88ff 

  0x000001eb9230dbac: ;   {other}
  0x000001eb9230dbac: 0fff 00a9 | 1c1e 0047 | 488b 8424 

  0x000001eb9230dbb8: ; ImmutableOopMap {rax=Oop [208]=Oop [256]=Oop }
                      ;*athrow {reexecute=1 rethrow=0 return_oop=0}
                      ; - (reexecute) org.springframework.beans.factory.support.AbstractBeanFactory::doGetBean@684 (line 381)
  0x000001eb9230dbb8: e801 0000 

  0x000001eb9230dbbc: ;   {section_word}
  0x000001eb9230dbbc: 48ba bcdb | 3092 eb01 

  0x000001eb9230dbc4: ;   {runtime_call handle_exception_nofpu Runtime1 stub}
  0x000001eb9230dbc4: 0000 e8b5 | 7d93 ff90 | 498b 87f8 | 0400 004d | 33d2 4d89 | 97f8 0400 | 004d 33d2 | 4d89 9700 
  0x000001eb9230dbe4: 0500 004c | 8b84 2400 | 0100 0048 | 8b94 24d0 | 0000 0048 | 8984 24f0 

  0x000001eb9230dbfc: ;   {optimized virtual_call}
  0x000001eb9230dbfc: 0100 00e8 

  0x000001eb9230dc00: ; ImmutableOopMap {[208]=Oop [256]=Oop [496]=Oop }
                      ;*invokevirtual afterPrototypeCreation {reexecute=0 rethrow=0 return_oop=0}
                      ; - org.springframework.beans.factory.support.AbstractBeanFactory::doGetBean@541 (line 354)
  0x000001eb9230dc00: 7c0e 88ff 

  0x000001eb9230dc04: ;   {other}
  0x000001eb9230dc04: 0fff 00a9 | 741e 0049 | 488b 8424 

  0x000001eb9230dc10: ; ImmutableOopMap {rax=Oop [208]=Oop [256]=Oop }
                      ;*athrow {reexecute=1 rethrow=0 return_oop=0}
                      ; - (reexecute) org.springframework.beans.factory.support.AbstractBeanFactory::doGetBean@546 (line 355)
  0x000001eb9230dc10: f001 0000 

  0x000001eb9230dc14: ;   {section_word}
  0x000001eb9230dc14: 48ba 14dc | 3092 eb01 

  0x000001eb9230dc1c: ;   {runtime_call handle_exception_nofpu Runtime1 stub}
  0x000001eb9230dc1c: 0000 e85d | 7d93 ff90 | 448b 9c24 | 2001 0000 | 488b 9c24 | 1001 0000 | 488b bc24 | d800 0000 
  0x000001eb9230dc3c: 4c8b 8c24 | e800 0000 | 4c8b 8424 | f000 0000 | 498b 87f8 | 0400 004d | 33d2 4d89 | 97f8 0400 
  0x000001eb9230dc5c: 004d 33d2 | 4d89 9700 | 0500 0048 | 8bd0 488d | 8424 1002 | 0000 4c8b | 304d 85f6 | 0f84 0f00 
  0x000001eb9230dc7c: 0000 488b | 7008 f04c | 0fb1 360f | 8592 0600 | 0049 ff8f | 4805 0000 

  0x000001eb9230dc94: ; ImmutableOopMap {r13=Oop r9=Oop rbx=Oop rdi=Oop r8=Oop rax=Oop [208]=Oop [216]=Oop [232]=Oop [240]=Oop [256]=Oop [272]=Oop [296]=Oop }
                      ;*athrow {reexecute=1 rethrow=0 return_oop=0}
                      ; - (reexecute) org.springframework.beans.factory.support.DefaultSingletonBeanRegistry::isDependent@23 (line 627)
                      ; - org.springframework.beans.factory.support.AbstractBeanFactory::doGetBean@326 (line 303)
                      ;   {section_word}
  0x000001eb9230dc94: 488b c248 | ba97 dc30 | 92eb 0100 

  0x000001eb9230dca0: ;   {runtime_call handle_exception_nofpu Runtime1 stub}
  0x000001eb9230dca0: 00e8 da7c | 93ff 9049 | 8b87 f804 | 0000 4d33 | d24d 8997 | f804 0000 | 4d33 d24d | 8997 0005 
  0x000001eb9230dcc0: 0000 8b50 | 0849 ba00 | 0000 9deb | 0100 0049 | 03d2 488b | 5270 488b | 1248 3b02 | 4889 8424 
  0x000001eb9230dce0: f801 0000 

  0x000001eb9230dce4: ;   {optimized virtual_call}
  0x000001eb9230dce4: 6666 90e8 

  0x000001eb9230dce8: ; ImmutableOopMap {[208]=Oop [256]=Oop [504]=Oop }
                      ;*invokevirtual toString {reexecute=0 rethrow=0 return_oop=0}
                      ; - org.springframework.beans.factory.support.AbstractBeanFactory::doGetBean@720 (line 386)
  0x000001eb9230dce8: 290b 0000 

  0x000001eb9230dcec: ;   {other}
  0x000001eb9230dcec: 0fff 00a9 | 5c1f 004c | 488b 9424 | f801 0000 | 9048 b880 | b076 e4eb 

  0x000001eb9230dd04: ;   {virtual_call}
  0x000001eb9230dd04: 0100 00e8 

  0x000001eb9230dd08: ; ImmutableOopMap {[208]=Oop [256]=Oop [504]=Oop }
                      ;*invokevirtual getMessage {reexecute=0 rethrow=0 return_oop=0}
                      ; - org.springframework.beans.factory.support.AbstractBeanFactory::doGetBean@736 (line 387)
  0x000001eb9230dd08: 2557 88ff 

  0x000001eb9230dd0c: ;   {other}
  0x000001eb9230dd0c: 0fff 00a9 | 7c1f 004d | 4885 c00f | 850f 0000 

  0x000001eb9230dd1c: ;   {oop("null"{0x00000007022f4c60})}
  0x000001eb9230dd1c: 0048 b860 | 4c2f 0207 | 0000 00e9 | 0300 0000 

  0x000001eb9230dd2c: ; implicit exception: dispatches to 0x000001eb9230e33a
  0x000001eb9230dd2c: 483b 0048 | 8b94 24d0 | 0000 008b | b2a0 0000 | 0048 c1e6 | 034c 8d84 | 2410 0200 | 0049 8970 
  0x000001eb9230dd4c: 0848 8b06 | 4883 c801 | 4989 00f0 | 4c0f b106 | 0f84 1200 | 0000 482b | c448 2507 | f0ff ff49 
  0x000001eb9230dd6c: 8900 0f85 | d005 0000 | 49ff 8748 | 0500 008b | baa4 0000 | 0048 c1e7 | 034c 8b84 | 2400 0100 
  0x000001eb9230dd8c: 0048 8bd7 | 4889 b424 | 0002 0000 | 0f1f 4400 | 0048 b880 | ad76 e4eb 

  0x000001eb9230dda4: ;   {virtual_call}
  0x000001eb9230dda4: 0100 00e8 

  0x000001eb9230dda8: ; ImmutableOopMap {[208]=Oop [256]=Oop [504]=Oop [512]=Oop [536]=Oop }
                      ;*invokeinterface remove {reexecute=0 rethrow=0 return_oop=0}
                      ; - org.springframework.beans.factory.support.AbstractBeanFactory::cleanupAfterBeanCreationFailure@12 (line 1791)
                      ; - org.springframework.beans.factory.support.AbstractBeanFactory::doGetBean@751 (line 388)
  0x000001eb9230dda8: 0964 88ff 

  0x000001eb9230ddac: ;   {other}
  0x000001eb9230ddac: 0fff 00a9 | 1c20 004e | 488d 8424 | 1002 0000 | 488b 1048 | 85d2 0f84 | 0f00 0000 | 4c8b 4008 
  0x000001eb9230ddcc: f049 0fb1 | 100f 8580 | 0500 0049 | ff8f 4805 | 0000 488b | 8424 f801 

  0x000001eb9230dde4: ; ImmutableOopMap {rax=Oop [208]=Oop [256]=Oop [504]=Oop }
                      ;*athrow {reexecute=1 rethrow=0 return_oop=0}
                      ; - (reexecute) org.springframework.beans.factory.support.AbstractBeanFactory::doGetBean@756 (line 389)
                      ;   {section_word}
  0x000001eb9230dde4: 0000 48ba | e6dd 3092 | eb01 0000 

  0x000001eb9230ddf0: ;   {runtime_call handle_exception_nofpu Runtime1 stub}
  0x000001eb9230ddf0: e88b 7b93 | ff90 498b | 87f8 0400 | 004d 33d2 | 4d89 97f8 | 0400 004d | 33d2 4d89 | 9700 0500 
  0x000001eb9230de10: 0048 8bd0 | 488d 8424 | 1002 0000 | 488b 3048 | 85f6 0f84 | 0f00 0000 | 488b 7808 | f048 0fb1 
  0x000001eb9230de30: 370f 8536 | 0500 0049 | ff8f 4805 | 0000 488b 

  0x000001eb9230de40: ; ImmutableOopMap {r8=Oop rax=Oop [208]=Oop [256]=Oop }
                      ;*athrow {reexecute=1 rethrow=0 return_oop=0}
                      ; - (reexecute) org.springframework.beans.factory.support.AbstractBeanFactory::cleanupAfterBeanCreationFailure@27 (line 1792)
                      ; - org.springframework.beans.factory.support.AbstractBeanFactory::doGetBean@751 (line 388)
                      ;   {section_word}
  0x000001eb9230de40: c248 ba41 | de30 92eb 

  0x000001eb9230de48: ;   {runtime_call handle_exception_nofpu Runtime1 stub}
  0x000001eb9230de48: 0100 00e8 | 307b 93ff | 9048 8b94 | 24d0 0000 | 0049 8b87 | f804 0000 | 4d33 d24d | 8997 f804 
  0x000001eb9230de68: 0000 4d33 | d24d 8997 | 0005 0000 | 440f be42 | 1941 83e0 | 0145 85c0 | 0f85 c600 | 0000 4889 
  0x000001eb9230de88: 8424 0802 | 0000 8bb2 | a000 0000 | 48c1 e603 | 4c8b 8424 | 0001 0000 | 488b d666 | 9048 b8ff 
  0x000001eb9230dea8: ffff ffff 

  0x000001eb9230deac: ;   {virtual_call}
  0x000001eb9230deac: ffff ffe8 

  0x000001eb9230deb0: ; ImmutableOopMap {[208]=Oop [256]=Oop [520]=Oop }
                      ;*invokeinterface get {reexecute=0 rethrow=0 return_oop=0}
                      ; - org.springframework.beans.factory.support.AbstractBeanFactory::clearMergedBeanDefinition@5 (line 1524)
                      ; - org.springframework.beans.factory.support.DefaultListableBeanFactory::clearMergedBeanDefinition@2 (line 986)
                      ; - org.springframework.beans.factory.support.AbstractBeanFactory::doGetBean@776 (line 394)
  0x000001eb9230deb0: cc0e 88ff 

  0x000001eb9230deb4: ;   {other}
  0x000001eb9230deb4: 0fff 00a9 | 2421 0051 | 4885 c00f | 8429 0000 

  0x000001eb9230dec4: ;   {metadata('org/springframework/beans/factory/support/RootBeanDefinition')}
  0x000001eb9230dec4: 0048 bf98 | f022 9eeb | 0100 008b | 7008 49ba | 0000 009d | eb01 0000 | 4903 f248 | 3b7e 500f 
  0x000001eb9230dee4: 859a 0400 | 00e9 0000 | 0000 4c8b | c04d 85c0 | 0f84 0f00 | 0000 ba01 | 0000 0041 | 8850 2bf0 
  0x000001eb9230df04: 8344 24c0 | 0048 8b84 | 2400 0100 | 0048 8b94 | 24d0 0000 | 008b 92f0 | 0000 0048 | c1e2 034c 
  0x000001eb9230df24: 8bc0 0f1f | 8000 0000 | 0048 b8ff | ffff ffff 

  0x000001eb9230df34: ;   {virtual_call}
  0x000001eb9230df34: ffff ffe8 

  0x000001eb9230df38: ; ImmutableOopMap {[520]=Oop }
                      ;*invokeinterface remove {reexecute=0 rethrow=0 return_oop=0}
                      ; - org.springframework.beans.factory.support.DefaultListableBeanFactory::clearMergedBeanDefinition@10 (line 987)
                      ; - org.springframework.beans.factory.support.AbstractBeanFactory::doGetBean@776 (line 394)
  0x000001eb9230df38: 440e 88ff 

  0x000001eb9230df3c: ;   {other}
  0x000001eb9230df3c: 0fff 00a9 | ac21 0052 | 488b 8424 | 0802 0000 | e9d6 0400 | 0048 8904 

  0x000001eb9230df54: ;   {runtime_call throw_class_cast_exception Runtime1 stub}
  0x000001eb9230df54: 24e8 2686 

  0x000001eb9230df58: ; ImmutableOopMap {[208]=Oop [216]=Oop [232]=Oop [240]=Oop [248]=Oop }
                      ;*checkcast {reexecute=0 rethrow=0 return_oop=0}
                      ; - org.springframework.core.SimpleAliasRegistry::canonicalName@12 (line 229)
                      ; - org.springframework.beans.factory.support.AbstractBeanFactory::transformedBeanName@5 (line 1272)
                      ; - org.springframework.beans.factory.support.AbstractBeanFactory::doGetBean@2 (line 240)
                      ;   {runtime_call throw_incompatible_class_change_error Runtime1 stub}
  0x000001eb9230df58: 93ff e821 

  0x000001eb9230df5c: ; ImmutableOopMap {rdx=Oop r9=Oop r8=Oop [208]=Oop [216]=Oop [232]=Oop [240]=Oop [256]=Oop }
                      ;*invokeinterface start {reexecute=0 rethrow=0 return_oop=0}
                      ; - org.springframework.beans.factory.support.AbstractBeanFactory::doGetBean@226 (line 290)
                      ;   {runtime_call throw_null_pointer_exception Runtime1 stub}
  0x000001eb9230df5c: 8993 ffe8 

  0x000001eb9230df60: ; ImmutableOopMap {rdx=Oop r9=Oop [208]=Oop [216]=Oop [232]=Oop [240]=Oop [256]=Oop }
                      ;*invokeinterface start {reexecute=0 rethrow=0 return_oop=0}
                      ; - org.springframework.beans.factory.support.AbstractBeanFactory::doGetBean@226 (line 290)
  0x000001eb9230df60: 1c62 93ff 

  0x000001eb9230df64: ; implicit exception: dispatches to 0x000001eb9230e391
  0x000001eb9230df64: 448b 400c | 49c1 e003 | 4983 f800 | 0f84 cce7 | ffff 4c89 

  0x000001eb9230df78: ;   {runtime_call g1_pre_barrier_slow}
  0x000001eb9230df78: 0424 e881 | bf93 ffe9 | bee7 ffff 

  0x000001eb9230df84: ;   {runtime_call throw_null_pointer_exception Runtime1 stub}
  0x000001eb9230df84: e8f7 6193 

  0x000001eb9230df88: ; ImmutableOopMap {rax=Oop r9=Oop [208]=Oop [216]=Oop [232]=Oop [240]=Oop [256]=Oop }
                      ;*invokestatic linkToSpecial {reexecute=0 rethrow=0 return_oop=0}
                      ; - java.lang.invoke.DirectMethodHandle$Holder::newInvokeSpecial@16
                      ; - java.lang.invoke.Invokers$Holder::linkToTargetMethod@5
                      ; - org.springframework.beans.factory.support.AbstractBeanFactory::doGetBean@255 (line 294)
  0x000001eb9230df88: ff49 83f9 | 000f 84d6 | e7ff ff48 

  0x000001eb9230df94: ;   {runtime_call g1_post_barrier_slow}
  0x000001eb9230df94: 8904 24e8 | 64c2 93ff | e9c8 e7ff 

  0x000001eb9230dfa0: ;   {runtime_call throw_null_pointer_exception Runtime1 stub}
  0x000001eb9230dfa0: ffe8 da61 

  0x000001eb9230dfa4: ; ImmutableOopMap {rax=Oop [208]=Oop [216]=Oop [232]=Oop [240]=Oop [256]=Oop [272]=Oop }
                      ;*invokevirtual getDependsOn {reexecute=0 rethrow=0 return_oop=0}
                      ; - org.springframework.beans.factory.support.AbstractBeanFactory::doGetBean@285 (line 300)
                      ;   {runtime_call throw_null_pointer_exception Runtime1 stub}
  0x000001eb9230dfa4: 93ff e8d5 

  0x000001eb9230dfa8: ; ImmutableOopMap {rax=Oop rsi=Oop [208]=Oop [216]=Oop [232]=Oop [240]=Oop [256]=Oop [272]=Oop [296]=Oop }
                      ;*arraylength {reexecute=0 rethrow=0 return_oop=0}
                      ; - org.springframework.beans.factory.support.AbstractBeanFactory::doGetBean@301 (line 302)
                      ;   {runtime_call throw_null_pointer_exception Runtime1 stub}
  0x000001eb9230dfa8: 6193 ffe8 

  0x000001eb9230dfac: ; ImmutableOopMap {rsi=Oop rdx=Oop r13=Oop r14=Oop rdi=Oop [208]=Oop [216]=Oop [232]=Oop [240]=Oop [272]=Oop [296]=Oop }
                      ;*monitorenter {reexecute=0 rethrow=0 return_oop=0}
                      ; - org.springframework.beans.factory.support.DefaultSingletonBeanRegistry::isDependent@6 (line 625)
                      ; - org.springframework.beans.factory.support.AbstractBeanFactory::doGetBean@326 (line 303)
  0x000001eb9230dfac: d061 93ff | 4c89 7424 | 084c 8904 

  0x000001eb9230dfb8: ;   {runtime_call monitorenter_nofpu Runtime1 stub}
  0x000001eb9230dfb8: 24e8 c291 

  0x000001eb9230dfbc: ; ImmutableOopMap {rsi=Oop rdx=Oop r13=Oop r14=Oop rdi=Oop [208]=Oop [216]=Oop [232]=Oop [240]=Oop [272]=Oop [296]=Oop [536]=Oop }
                      ;*monitorenter {reexecute=0 rethrow=0 return_oop=0}
                      ; - org.springframework.beans.factory.support.DefaultSingletonBeanRegistry::isDependent@6 (line 625)
                      ; - org.springframework.beans.factory.support.AbstractBeanFactory::doGetBean@326 (line 303)
  0x000001eb9230dfbc: 93ff e97e | e8ff ff48 | 8d84 2410 | 0200 0048 

  0x000001eb9230dfcc: ;   {runtime_call monitorexit_nofpu Runtime1 stub}
  0x000001eb9230dfcc: 8904 24e8 | ac97 93ff | e9e0 e8ff | ff44 8b40 | 0c49 c1e0 | 0349 83f8 | 000f 8437 | eaff ff4c 
  0x000001eb9230dfec: ;   {runtime_call g1_pre_barrier_slow}
  0x000001eb9230dfec: 8904 24e8 | 0cbf 93ff | e929 eaff 

  0x000001eb9230dff8: ;   {runtime_call throw_null_pointer_exception Runtime1 stub}
  0x000001eb9230dff8: ffe8 8261 

  0x000001eb9230dffc: ; ImmutableOopMap {rax=Oop rdx=Oop [208]=Oop [216]=Oop [232]=Oop [240]=Oop [256]=Oop [272]=Oop }
                      ;*invokestatic linkToSpecial {reexecute=0 rethrow=0 return_oop=0}
                      ; - java.lang.invoke.LambdaForm$DMH/0x000001eb9e134400::newInvokeSpecial@24
                      ; - java.lang.invoke.Invokers$Holder::linkToTargetMethod@9
                      ; - org.springframework.beans.factory.support.AbstractBeanFactory::doGetBean@472 (line 331)
  0x000001eb9230dffc: 93ff 4883 | fa00 0f84 | 41ea ffff | 4889 0424 

  0x000001eb9230e00c: ;   {runtime_call g1_post_barrier_slow}
  0x000001eb9230e00c: e8ef c193 | ffe9 33ea | ffff 448b | 4010 49c1 | e003 4983 | f800 0f84 | 2fea ffff | 4c89 0424 
  0x000001eb9230e02c: ;   {runtime_call g1_pre_barrier_slow}
  0x000001eb9230e02c: e8cf be93 | ffe9 21ea | ffff 4883 | fe00 0f84 | 3eea ffff | 4889 0424 

  0x000001eb9230e044: ;   {runtime_call g1_post_barrier_slow}
  0x000001eb9230e044: e8b7 c193 | ffe9 30ea | ffff 448b | 4014 49c1 | e003 4983 | f800 0f84 | 2cea ffff | 4c89 0424 
  0x000001eb9230e064: ;   {runtime_call g1_pre_barrier_slow}
  0x000001eb9230e064: e897 be93 | ffe9 1eea | ffff 4883 | ff00 0f84 | 3bea ffff | 4889 0424 

  0x000001eb9230e07c: ;   {runtime_call g1_post_barrier_slow}
  0x000001eb9230e07c: e87f c193 | ffe9 2dea | ffff 448b | 4018 49c1 | e003 4983 | f800 0f84 | 29ea ffff | 4c89 0424 
  0x000001eb9230e09c: ;   {runtime_call g1_pre_barrier_slow}
  0x000001eb9230e09c: e85f be93 | ffe9 1bea | ffff 4883 | fb00 0f84 | 38ea ffff | 4889 0424 

  0x000001eb9230e0b4: ;   {runtime_call g1_post_barrier_slow}
  0x000001eb9230e0b4: e847 c193 | ffe9 2aea 

  0x000001eb9230e0bc: ;   {runtime_call throw_null_pointer_exception Runtime1 stub}
  0x000001eb9230e0bc: ffff e8bd 

  0x000001eb9230e0c0: ; ImmutableOopMap {rax=Oop rsi=Oop [208]=Oop [216]=Oop [232]=Oop [240]=Oop [256]=Oop [272]=Oop }
                      ;*invokevirtual isEmpty {reexecute=0 rethrow=0 return_oop=0}
                      ; - org.springframework.util.StringUtils::hasLength@5 (line 149)
                      ; - org.springframework.beans.factory.support.AbstractBeanFactory::doGetBean@573 (line 361)
                      ;   {runtime_call throw_null_pointer_exception Runtime1 stub}
  0x000001eb9230e0c0: 6093 ffe8 

  0x000001eb9230e0c4: ; ImmutableOopMap {rax=Oop rsi=Oop [208]=Oop [216]=Oop [232]=Oop [240]=Oop [256]=Oop [272]=Oop }
                      ;*arraylength {reexecute=0 rethrow=0 return_oop=0}
                      ; - java.lang.String::isEmpty@4 (line 1532)
                      ; - org.springframework.util.StringUtils::hasLength@5 (line 149)
                      ; - org.springframework.beans.factory.support.AbstractBeanFactory::doGetBean@573 (line 361)
  0x000001eb9230e0c4: b860 93ff | 4889 0424 

  0x000001eb9230e0cc: ;   {runtime_call throw_class_cast_exception Runtime1 stub}
  0x000001eb9230e0cc: e8af 8493 

  0x000001eb9230e0d0: ; ImmutableOopMap {[208]=Oop [216]=Oop [232]=Oop [240]=Oop [256]=Oop [272]=Oop [320]=Oop }
                      ;*checkcast {reexecute=0 rethrow=0 return_oop=0}
                      ; - org.springframework.beans.factory.support.AbstractBeanFactory::doGetBean@605 (line 364)
  0x000001eb9230e0d0: ff48 be00 | 0000 0000 | 0000 00b8 | 000f 050a 

  0x000001eb9230e0e0: ;   {runtime_call load_appendix_patching Runtime1 stub}
  0x000001eb9230e0e0: e89b b093 

  0x000001eb9230e0e4: ; ImmutableOopMap {[208]=Oop [216]=Oop [232]=Oop [240]=Oop [256]=Oop [272]=Oop [320]=Oop [328]=Oop }
                      ;*invokedynamic {reexecute=1 rethrow=0 return_oop=0}
                      ; - (reexecute) org.springframework.beans.factory.support.AbstractBeanFactory::doGetBean@640 (line 369)
  0x000001eb9230e0e4: ffe9 56ec | ffff 4889 

  0x000001eb9230e0ec: ;   {runtime_call throw_class_cast_exception Runtime1 stub}
  0x000001eb9230e0ec: 0424 e88d 

  0x000001eb9230e0f0: ; ImmutableOopMap {[208]=Oop [232]=Oop [240]=Oop [256]=Oop [336]=Oop }
                      ;*checkcast {reexecute=0 rethrow=0 return_oop=0}
                      ; - org.springframework.beans.factory.support.AbstractBeanFactory::clearMergedBeanDefinition@10 (line 1524)
                      ; - org.springframework.beans.factory.support.DefaultListableBeanFactory::clearMergedBeanDefinition@2 (line 986)
                      ; - org.springframework.beans.factory.support.AbstractBeanFactory::doGetBean@702 (line 394)
                      ;   {runtime_call throw_null_pointer_exception Runtime1 stub}
  0x000001eb9230e0f0: 8493 ffe8 

  0x000001eb9230e0f4: ; ImmutableOopMap {[208]=Oop [232]=Oop [240]=Oop [256]=Oop [336]=Oop }
                      ;*putfield stale {reexecute=1 rethrow=0 return_oop=0}
                      ; - (reexecute) org.springframework.beans.factory.support.AbstractBeanFactory::clearMergedBeanDefinition@20 (line 1526)
                      ; - org.springframework.beans.factory.support.DefaultListableBeanFactory::clearMergedBeanDefinition@2 (line 986)
                      ; - org.springframework.beans.factory.support.AbstractBeanFactory::doGetBean@702 (line 394)
  0x000001eb9230e0f4: 8860 93ff 

  0x000001eb9230e0f8: ;   {runtime_call throw_null_pointer_exception Runtime1 stub}
  0x000001eb9230e0f8: e883 6093 

  0x000001eb9230e0fc: ; ImmutableOopMap {rbx=Oop [208]=Oop [256]=Oop [272]=Oop [280]=Oop }
                      ;*new {reexecute=0 rethrow=0 return_oop=0}
                      ; - org.springframework.beans.factory.support.AbstractBeanFactory::doGetBean@332 (line 304)
  0x000001eb9230e0fc: ff48 8bd2 

  0x000001eb9230e100: ;   {runtime_call fast_new_instance_init_check Runtime1 stub}
  0x000001eb9230e100: e87b 6c93 

  0x000001eb9230e104: ; ImmutableOopMap {rbx=Oop [208]=Oop [256]=Oop [272]=Oop [280]=Oop }
                      ;*new {reexecute=0 rethrow=0 return_oop=0}
                      ; - org.springframework.beans.factory.support.AbstractBeanFactory::doGetBean@332 (line 304)
  0x000001eb9230e104: ffe9 eded 

  0x000001eb9230e108: ;   {runtime_call throw_null_pointer_exception Runtime1 stub}
  0x000001eb9230e108: ffff e871 

  0x000001eb9230e10c: ; ImmutableOopMap {rax=Oop r8=Oop [216]=Oop [232]=Oop [240]=Oop [264]=Oop }
                      ;*invokevirtual isEmpty {reexecute=0 rethrow=0 return_oop=0}
                      ; - org.springframework.beans.factory.support.AbstractBeanFactory::originalBeanName@7 (line 1282)
                      ; - org.springframework.beans.factory.support.AbstractBeanFactory::doGetBean@137 (line 269)
                      ;   {runtime_call throw_null_pointer_exception Runtime1 stub}
  0x000001eb9230e10c: 6093 ffe8 

  0x000001eb9230e110: ; ImmutableOopMap {rax=Oop r8=Oop rdx=Oop [216]=Oop [232]=Oop [240]=Oop [264]=Oop }
                      ;*arraylength {reexecute=0 rethrow=0 return_oop=0}
                      ; - java.lang.String::isEmpty@4 (line 1532)
                      ; - org.springframework.beans.factory.support.AbstractBeanFactory::originalBeanName@7 (line 1282)
                      ; - org.springframework.beans.factory.support.AbstractBeanFactory::doGetBean@137 (line 269)
  0x000001eb9230e110: 6c60 93ff | 48c7 0424 | e4ff ffff 

  0x000001eb9230e11c: ;   {runtime_call deoptimize Runtime1 stub}
  0x000001eb9230e11c: e8df 9f93 

  0x000001eb9230e120: ; ImmutableOopMap {rax=Oop rdx=Oop [216]=Oop [232]=Oop [264]=Oop }
                      ;*invokestatic checkIndex {reexecute=0 rethrow=0 return_oop=0}
                      ; - java.lang.String::checkIndex@5 (line 4832)
                      ; - java.lang.StringLatin1::charAt@3 (line 46)
                      ; - java.lang.String::charAt@12 (line 1555)
                      ; - org.springframework.beans.factory.support.AbstractBeanFactory::originalBeanName@15 (line 1282)
                      ; - org.springframework.beans.factory.support.AbstractBeanFactory::doGetBean@137 (line 269)
  0x000001eb9230e120: ff48 c704 | 24e4 ffff 

  0x000001eb9230e128: ;   {runtime_call deoptimize Runtime1 stub}
  0x000001eb9230e128: ffe8 d29f 

  0x000001eb9230e12c: ; ImmutableOopMap {rax=Oop rdx=Oop [216]=Oop [232]=Oop [264]=Oop }
                      ;*invokestatic checkIndex {reexecute=0 rethrow=0 return_oop=0}
                      ; - java.lang.String::checkIndex@5 (line 4832)
                      ; - java.lang.StringLatin1::charAt@3 (line 46)
                      ; - java.lang.String::charAt@12 (line 1555)
                      ; - org.springframework.beans.factory.support.AbstractBeanFactory::originalBeanName@15 (line 1282)
                      ; - org.springframework.beans.factory.support.AbstractBeanFactory::doGetBean@137 (line 269)
  0x000001eb9230e12c: 93ff 48c7 | 0424 0000 | 0000 4889 

  0x000001eb9230e138: ;   {runtime_call throw_range_check_failed Runtime1 stub}
  0x000001eb9230e138: 5424 08e8 

  0x000001eb9230e13c: ; ImmutableOopMap {rax=Oop rdx=Oop [216]=Oop [232]=Oop [264]=Oop }
                      ;*baload {reexecute=0 rethrow=0 return_oop=0}
                      ; - java.lang.StringLatin1::charAt@8 (line 47)
                      ; - java.lang.String::charAt@12 (line 1555)
                      ; - org.springframework.beans.factory.support.AbstractBeanFactory::originalBeanName@15 (line 1282)
                      ; - org.springframework.beans.factory.support.AbstractBeanFactory::doGetBean@137 (line 269)
  0x000001eb9230e13c: 4057 93ff | 48c7 0424 | e4ff ffff 

  0x000001eb9230e148: ;   {runtime_call deoptimize Runtime1 stub}
  0x000001eb9230e148: e8b3 9f93 

  0x000001eb9230e14c: ; ImmutableOopMap {rax=Oop rdx=Oop [216]=Oop [232]=Oop [264]=Oop }
                      ;*invokestatic checkIndex {reexecute=0 rethrow=0 return_oop=0}
                      ; - java.lang.String::checkIndex@5 (line 4832)
                      ; - java.lang.StringUTF16::checkIndex@5 (line 1613)
                      ; - java.lang.StringUTF16::charAt@2 (line 1418)
                      ; - java.lang.String::charAt@21 (line 1557)
                      ; - org.springframework.beans.factory.support.AbstractBeanFactory::originalBeanName@15 (line 1282)
                      ; - org.springframework.beans.factory.support.AbstractBeanFactory::doGetBean@137 (line 269)
  0x000001eb9230e14c: ff48 c704 | 24e4 ffff 

  0x000001eb9230e154: ;   {runtime_call deoptimize Runtime1 stub}
  0x000001eb9230e154: ffe8 a69f 

  0x000001eb9230e158: ; ImmutableOopMap {rax=Oop rdx=Oop [216]=Oop [232]=Oop [264]=Oop }
                      ;*invokestatic checkIndex {reexecute=0 rethrow=0 return_oop=0}
                      ; - java.lang.String::checkIndex@5 (line 4832)
                      ; - java.lang.StringUTF16::checkIndex@5 (line 1613)
                      ; - java.lang.StringUTF16::charAt@2 (line 1418)
                      ; - java.lang.String::charAt@21 (line 1557)
                      ; - org.springframework.beans.factory.support.AbstractBeanFactory::originalBeanName@15 (line 1282)
                      ; - org.springframework.beans.factory.support.AbstractBeanFactory::doGetBean@137 (line 269)
  0x000001eb9230e158: 93ff 49b8 | 0000 0000 | 0000 0000 | b800 0f05 

  0x000001eb9230e168: ;   {runtime_call load_appendix_patching Runtime1 stub}
  0x000001eb9230e168: 0ae8 12b0 

  0x000001eb9230e16c: ; ImmutableOopMap {rax=Oop [216]=Oop [232]=Oop [264]=Oop }
                      ;*invokedynamic {reexecute=1 rethrow=0 return_oop=0}
                      ; - (reexecute) org.springframework.beans.factory.support.AbstractBeanFactory::originalBeanName@24 (line 1283)
                      ; - org.springframework.beans.factory.support.AbstractBeanFactory::doGetBean@137 (line 269)
  0x000001eb9230e16c: 93ff e9ad | eeff ff49 | b800 0000 | 0000 0000 | 00b8 000f 

  0x000001eb9230e180: ;   {runtime_call load_appendix_patching Runtime1 stub}
  0x000001eb9230e180: 050a e8f9 

  0x000001eb9230e184: ; ImmutableOopMap {rdx=Oop rsi=Oop [208]=Oop [232]=Oop [240]=Oop [256]=Oop [344]=Oop }
                      ;*invokedynamic {reexecute=1 rethrow=0 return_oop=0}
                      ; - (reexecute) org.springframework.beans.factory.support.AbstractBeanFactory::doGetBean@51 (line 248)
  0x000001eb9230e184: af93 ffe9 | bcef ffff | 49b8 0000 | 0000 0000 | 0000 b800 

  0x000001eb9230e198: ;   {runtime_call load_appendix_patching Runtime1 stub}
  0x000001eb9230e198: 0f05 0ae8 

  0x000001eb9230e19c: ; ImmutableOopMap {rdx=Oop rsi=Oop [208]=Oop [232]=Oop [240]=Oop [256]=Oop [344]=Oop }
                      ;*invokedynamic {reexecute=1 rethrow=0 return_oop=0}
                      ; - (reexecute) org.springframework.beans.factory.support.AbstractBeanFactory::doGetBean@70 (line 252)
  0x000001eb9230e19c: e0af 93ff | e903 f0ff 

  0x000001eb9230e1a4: ;   {runtime_call throw_null_pointer_exception Runtime1 stub}
  0x000001eb9230e1a4: ffe8 d65f 

  0x000001eb9230e1a8: ; ImmutableOopMap {r9=Oop rbx=Oop [208]=Oop [232]=Oop [256]=Oop [272]=Oop [392]=Oop }
                      ;*new {reexecute=0 rethrow=0 return_oop=0}
                      ; - org.springframework.beans.factory.support.AbstractBeanFactory::doGetBean@408 (line 319)
  0x000001eb9230e1a8: 93ff 488b 

  0x000001eb9230e1ac: ;   {runtime_call fast_new_instance_init_check Runtime1 stub}
  0x000001eb9230e1ac: d2e8 ce6b 

  0x000001eb9230e1b0: ; ImmutableOopMap {r9=Oop rbx=Oop [208]=Oop [232]=Oop [256]=Oop [272]=Oop [392]=Oop }
                      ;*new {reexecute=0 rethrow=0 return_oop=0}
                      ; - org.springframework.beans.factory.support.AbstractBeanFactory::doGetBean@408 (line 319)
  0x000001eb9230e1b0: 93ff e9ef 

  0x000001eb9230e1b4: ;   {runtime_call throw_null_pointer_exception Runtime1 stub}
  0x000001eb9230e1b4: f0ff ffe8 

  0x000001eb9230e1b8: ; ImmutableOopMap {rbx=Oop [208]=Oop [256]=Oop [272]=Oop [280]=Oop [368]=Oop }
                      ;*new {reexecute=0 rethrow=0 return_oop=0}
                      ; - org.springframework.beans.factory.support.AbstractBeanFactory::doGetBean@376 (line 312)
  0x000001eb9230e1b8: c45f 93ff 

  0x000001eb9230e1bc: ;   {runtime_call fast_new_instance_init_check Runtime1 stub}
  0x000001eb9230e1bc: 488b d2e8 

  0x000001eb9230e1c0: ; ImmutableOopMap {rbx=Oop [208]=Oop [256]=Oop [272]=Oop [280]=Oop [368]=Oop }
                      ;*new {reexecute=0 rethrow=0 return_oop=0}
                      ; - org.springframework.beans.factory.support.AbstractBeanFactory::doGetBean@376 (line 312)
  0x000001eb9230e1c0: bc6b 93ff | e98e f1ff 

  0x000001eb9230e1c8: ;   {internal_word}
  0x000001eb9230e1c8: ff49 baec | d330 92eb | 0100 004d | 8997 6004 

  0x000001eb9230e1d8: ;   {runtime_call SafepointBlob}
  0x000001eb9230e1d8: 0000 e921 

  0x000001eb9230e1dc: ;   {internal_word}
  0x000001eb9230e1dc: 7588 ff49 | ba1c d430 | 92eb 0100 | 004d 8997 | 6004 0000 

  0x000001eb9230e1f0: ;   {runtime_call SafepointBlob}
  0x000001eb9230e1f0: e90b 7588 

  0x000001eb9230e1f4: ;   {internal_word}
  0x000001eb9230e1f4: ff49 ba54 | d430 92eb | 0100 004d | 8997 6004 

  0x000001eb9230e204: ;   {runtime_call SafepointBlob}
  0x000001eb9230e204: 0000 e9f5 | 7488 ff48 

  0x000001eb9230e20c: ;   {runtime_call throw_class_cast_exception Runtime1 stub}
  0x000001eb9230e20c: 8934 24e8 

  0x000001eb9230e210: ; ImmutableOopMap {rax=Oop rdi=Oop [216]=Oop [232]=Oop }
                      ;*checkcast {reexecute=0 rethrow=0 return_oop=0}
                      ; - org.springframework.beans.factory.support.AbstractBeanFactory::doGetBean@152 (line 270)
  0x000001eb9230e210: 6c83 93ff 

  0x000001eb9230e214: ;   {runtime_call throw_null_pointer_exception Runtime1 stub}
  0x000001eb9230e214: e867 5f93 

  0x000001eb9230e218: ; ImmutableOopMap {rax=Oop rdi=Oop rdx=Oop [216]=Oop [232]=Oop }
                      ;*invokevirtual doGetBean {reexecute=0 rethrow=0 return_oop=0}
                      ; - org.springframework.beans.factory.support.AbstractBeanFactory::doGetBean@165 (line 271)
                      ;   {internal_word}
  0x000001eb9230e218: ff49 bac4 | d430 92eb | 0100 004d | 8997 6004 

  0x000001eb9230e228: ;   {runtime_call SafepointBlob}
  0x000001eb9230e228: 0000 e9d1 

  0x000001eb9230e22c: ;   {internal_word}
  0x000001eb9230e22c: 7488 ff49 | ba44 d530 | 92eb 0100 | 004d 8997 | 6004 0000 

  0x000001eb9230e240: ;   {runtime_call SafepointBlob}
  0x000001eb9230e240: e9bb 7488 | ff49 b900 | 0000 0000 | 0000 00b8 | 000f 050a 

  0x000001eb9230e254: ;   {runtime_call load_appendix_patching Runtime1 stub}
  0x000001eb9230e254: e827 af93 

  0x000001eb9230e258: ; ImmutableOopMap {[208]=Oop [256]=Oop [280]=Oop [368]=Oop [376]=Oop [384]=Oop }
                      ;*invokedynamic {reexecute=1 rethrow=0 return_oop=0}
                      ; - (reexecute) org.springframework.beans.factory.support.AbstractBeanFactory::doGetBean@391 (line 312)
  0x000001eb9230e258: ffe9 2af3 

  0x000001eb9230e25c: ;   {runtime_call throw_null_pointer_exception Runtime1 stub}
  0x000001eb9230e25c: ffff e81d 

  0x000001eb9230e260: ; ImmutableOopMap {rax=Oop r9=Oop [208]=Oop [232]=Oop [256]=Oop [392]=Oop [400]=Oop [408]=Oop }
                      ;*invokevirtual getSimpleName {reexecute=0 rethrow=0 return_oop=0}
                      ; - org.springframework.beans.factory.support.AbstractBeanFactory::doGetBean@425 (line 321)
  0x000001eb9230e260: 5f93 ff48 | be00 0000 | 0000 0000 | 00b8 000f 

  0x000001eb9230e270: ;   {runtime_call load_appendix_patching Runtime1 stub}
  0x000001eb9230e270: 050a e809 

  0x000001eb9230e274: ; ImmutableOopMap {rax=Oop [208]=Oop [256]=Oop [392]=Oop [400]=Oop [408]=Oop [416]=Oop [424]=Oop }
                      ;*invokedynamic {reexecute=1 rethrow=0 return_oop=0}
                      ; - (reexecute) org.springframework.beans.factory.support.AbstractBeanFactory::doGetBean@435 (line 322)
  0x000001eb9230e274: af93 ffe9 | 2cf4 ffff | 49b9 0000 | 0000 0000 | 0000 b800 

  0x000001eb9230e288: ;   {runtime_call load_appendix_patching Runtime1 stub}
  0x000001eb9230e288: 0f05 0ae8 

  0x000001eb9230e28c: ; ImmutableOopMap {[208]=Oop [256]=Oop [280]=Oop [432]=Oop [440]=Oop }
                      ;*invokedynamic {reexecute=1 rethrow=0 return_oop=0}
                      ; - (reexecute) org.springframework.beans.factory.support.AbstractBeanFactory::doGetBean@347 (line 304)
  0x000001eb9230e28c: f0ae 93ff | e9db f4ff | ff48 8bd2 

  0x000001eb9230e298: ;   {runtime_call fast_new_instance Runtime1 stub}
  0x000001eb9230e298: e8e3 6793 

  0x000001eb9230e29c: ; ImmutableOopMap {[208]=Oop [256]=Oop [320]=Oop }
                      ;*new {reexecute=0 rethrow=0 return_oop=0}
                      ; - org.springframework.beans.factory.support.AbstractBeanFactory::doGetBean@615 (line 366)
  0x000001eb9230e29c: ffe9 92f5 | ffff 49b8 | 0000 0000 | 0000 0000 | b800 0f05 

  0x000001eb9230e2b0: ;   {runtime_call load_appendix_patching Runtime1 stub}
  0x000001eb9230e2b0: 0ae8 caae 

  0x000001eb9230e2b4: ; ImmutableOopMap {rax=Oop [208]=Oop [256]=Oop [320]=Oop }
                      ;*invokedynamic {reexecute=1 rethrow=0 return_oop=0}
                      ; - (reexecute) org.springframework.beans.factory.support.AbstractBeanFactory::doGetBean@621 (line 366)
  0x000001eb9230e2b4: 93ff e97d | f5ff ff48 

  0x000001eb9230e2bc: ;   {runtime_call fast_new_instance Runtime1 stub}
  0x000001eb9230e2bc: 8bd2 e8bd 

  0x000001eb9230e2c0: ; ImmutableOopMap {[208]=Oop [256]=Oop }
                      ;*new {reexecute=0 rethrow=0 return_oop=0}
                      ; - org.springframework.beans.factory.support.AbstractBeanFactory::doGetBean@579 (line 362)
  0x000001eb9230e2c0: 6793 ffe9 | 24f6 ffff | 49b8 0000 | 0000 0000 | 0000 b800 

  0x000001eb9230e2d4: ;   {runtime_call load_appendix_patching Runtime1 stub}
  0x000001eb9230e2d4: 0f05 0ae8 

  0x000001eb9230e2d8: ; ImmutableOopMap {rax=Oop [208]=Oop [256]=Oop }
                      ;*invokedynamic {reexecute=1 rethrow=0 return_oop=0}
                      ; - (reexecute) org.springframework.beans.factory.support.AbstractBeanFactory::doGetBean@585 (line 362)
  0x000001eb9230e2d8: a4ae 93ff | e90f f6ff | ff48 8bd2 

  0x000001eb9230e2e4: ;   {runtime_call fast_new_instance Runtime1 stub}
  0x000001eb9230e2e4: e897 6793 

  0x000001eb9230e2e8: ; ImmutableOopMap {[208]=Oop [216]=Oop [232]=Oop [240]=Oop [256]=Oop }
                      ;*new {reexecute=0 rethrow=0 return_oop=0}
                      ; - java.util.Objects::requireNonNull@4 (line 233)
                      ; - org.springframework.beans.factory.support.AbstractBeanFactory::doGetBean@251 (line 294)
  0x000001eb9230e2e8: ffe9 baf6 | ffff 488b 

  0x000001eb9230e2f0: ;   {runtime_call fast_new_instance Runtime1 stub}
  0x000001eb9230e2f0: d2e8 8a67 

  0x000001eb9230e2f4: ; ImmutableOopMap {[208]=Oop [216]=Oop [232]=Oop [240]=Oop [256]=Oop [264]=Oop }
                      ;*new {reexecute=0 rethrow=0 return_oop=0}
                      ; - org.springframework.util.Assert::notNull@4 (line 182)
                      ; - org.springframework.beans.factory.support.DefaultListableBeanFactory::containsBeanDefinition@3 (line 413)
                      ; - org.springframework.beans.factory.support.AbstractBeanFactory::doGetBean@129 (line 267)
  0x000001eb9230e2f4: 93ff e941 

  0x000001eb9230e2f8: ;   {runtime_call throw_null_pointer_exception Runtime1 stub}
  0x000001eb9230e2f8: f7ff ffe8 

  0x000001eb9230e2fc: ; ImmutableOopMap {[256]=Oop }
                      ;*new {reexecute=0 rethrow=0 return_oop=0}
                      ; - org.springframework.beans.factory.support.AbstractBeanFactory::doGetBean@105 (line 262)
  0x000001eb9230e2fc: 805e 93ff 

  0x000001eb9230e300: ;   {runtime_call fast_new_instance_init_check Runtime1 stub}
  0x000001eb9230e300: 488b d2e8 

  0x000001eb9230e304: ; ImmutableOopMap {[256]=Oop }
                      ;*new {reexecute=0 rethrow=0 return_oop=0}
                      ; - org.springframework.beans.factory.support.AbstractBeanFactory::doGetBean@105 (line 262)
  0x000001eb9230e304: 786a 93ff | e9cd f7ff 

  0x000001eb9230e30c: ;   {runtime_call throw_null_pointer_exception Runtime1 stub}
  0x000001eb9230e30c: ffe8 6e5e 

  0x000001eb9230e310: ; ImmutableOopMap {r9=Oop rbx=Oop [208]=Oop [256]=Oop }
                      ;*new {reexecute=0 rethrow=0 return_oop=0}
                      ; - org.springframework.beans.factory.support.AbstractBeanFactory::doGetBean@671 (line 381)
  0x000001eb9230e310: 93ff 488b 

  0x000001eb9230e314: ;   {runtime_call fast_new_instance_init_check Runtime1 stub}
  0x000001eb9230e314: d2e8 666a 

  0x000001eb9230e318: ; ImmutableOopMap {r9=Oop rbx=Oop [208]=Oop [256]=Oop }
                      ;*new {reexecute=0 rethrow=0 return_oop=0}
                      ; - org.springframework.beans.factory.support.AbstractBeanFactory::doGetBean@671 (line 381)
  0x000001eb9230e318: 93ff e971 | f8ff ff48 | 8d84 2410 | 0200 0048 

  0x000001eb9230e328: ;   {runtime_call monitorexit_nofpu Runtime1 stub}
  0x000001eb9230e328: 8904 24e8 | 5094 93ff | e95f f9ff 

  0x000001eb9230e334: ;   {runtime_call throw_null_pointer_exception Runtime1 stub}
  0x000001eb9230e334: ffe8 465e 

  0x000001eb9230e338: ; ImmutableOopMap {rax=Oop rdx=Oop [208]=Oop [256]=Oop }
                      ;*invokevirtual toString {reexecute=0 rethrow=0 return_oop=0}
                      ; - org.springframework.beans.factory.support.AbstractBeanFactory::doGetBean@720 (line 386)
                      ;   {runtime_call throw_null_pointer_exception Runtime1 stub}
  0x000001eb9230e338: 93ff e841 

  0x000001eb9230e33c: ; ImmutableOopMap {rax=Oop [208]=Oop [256]=Oop [504]=Oop }
                      ;*invokevirtual toString {reexecute=0 rethrow=0 return_oop=0}
                      ; - java.lang.String::valueOf@11 (line 4465)
                      ; - org.springframework.beans.factory.support.AbstractBeanFactory::doGetBean@739 (line 387)
                      ;   {runtime_call throw_null_pointer_exception Runtime1 stub}
  0x000001eb9230e33c: 5e93 ffe8 

  0x000001eb9230e340: ; ImmutableOopMap {rdx=Oop rsi=Oop [208]=Oop [256]=Oop [504]=Oop }
                      ;*monitorenter {reexecute=0 rethrow=0 return_oop=0}
                      ; - org.springframework.beans.factory.support.AbstractBeanFactory::cleanupAfterBeanCreationFailure@6 (line 1790)
                      ; - org.springframework.beans.factory.support.AbstractBeanFactory::doGetBean@751 (line 388)
  0x000001eb9230e340: 3c5e 93ff | 4889 7424 | 084c 8904 

  0x000001eb9230e34c: ;   {runtime_call monitorenter_nofpu Runtime1 stub}
  0x000001eb9230e34c: 24e8 2e8e 

  0x000001eb9230e350: ; ImmutableOopMap {rdx=Oop rsi=Oop [208]=Oop [256]=Oop [504]=Oop [536]=Oop }
                      ;*monitorenter {reexecute=0 rethrow=0 return_oop=0}
                      ; - org.springframework.beans.factory.support.AbstractBeanFactory::cleanupAfterBeanCreationFailure@6 (line 1790)
                      ; - org.springframework.beans.factory.support.AbstractBeanFactory::doGetBean@751 (line 388)
  0x000001eb9230e350: 93ff e924 | faff ff48 | 8d84 2410 | 0200 0048 

  0x000001eb9230e360: ;   {runtime_call monitorexit_nofpu Runtime1 stub}
  0x000001eb9230e360: 8904 24e8 | 1894 93ff | e971 faff | ff48 8d84 | 2410 0200 | 0048 8904 

  0x000001eb9230e378: ;   {runtime_call monitorexit_nofpu Runtime1 stub}
  0x000001eb9230e378: 24e8 0294 | 93ff e9bb | faff ff48 

  0x000001eb9230e384: ;   {runtime_call throw_class_cast_exception Runtime1 stub}
  0x000001eb9230e384: 8904 24e8 

  0x000001eb9230e388: ; ImmutableOopMap {[208]=Oop [256]=Oop [520]=Oop }
                      ;*checkcast {reexecute=0 rethrow=0 return_oop=0}
                      ; - org.springframework.beans.factory.support.AbstractBeanFactory::clearMergedBeanDefinition@10 (line 1524)
                      ; - org.springframework.beans.factory.support.DefaultListableBeanFactory::clearMergedBeanDefinition@2 (line 986)
                      ; - org.springframework.beans.factory.support.AbstractBeanFactory::doGetBean@776 (line 394)
  0x000001eb9230e388: f481 93ff 

  0x000001eb9230e38c: ;   {runtime_call throw_null_pointer_exception Runtime1 stub}
  0x000001eb9230e38c: e8ef 5d93 

  0x000001eb9230e390: ; ImmutableOopMap {[208]=Oop [256]=Oop [520]=Oop }
                      ;*putfield stale {reexecute=1 rethrow=0 return_oop=0}
                      ; - (reexecute) org.springframework.beans.factory.support.AbstractBeanFactory::clearMergedBeanDefinition@20 (line 1526)
                      ; - org.springframework.beans.factory.support.DefaultListableBeanFactory::clearMergedBeanDefinition@2 (line 986)
                      ; - org.springframework.beans.factory.support.AbstractBeanFactory::doGetBean@776 (line 394)
                      ;   {runtime_call throw_null_pointer_exception Runtime1 stub}
  0x000001eb9230e390: ffe8 ea5d 

  0x000001eb9230e394: ; ImmutableOopMap {rax=Oop [208]=Oop [216]=Oop [232]=Oop [240]=Oop [256]=Oop }
                      ;*invokestatic linkToSpecial {reexecute=0 rethrow=0 return_oop=0}
                      ; - java.lang.invoke.DirectMethodHandle$Holder::newInvokeSpecial@16
                      ; - java.lang.invoke.Invokers$Holder::linkToTargetMethod@5
                      ; - org.springframework.beans.factory.support.AbstractBeanFactory::doGetBean@255 (line 294)
                      ;   {runtime_call throw_null_pointer_exception Runtime1 stub}
  0x000001eb9230e394: 93ff e8e5 

  0x000001eb9230e398: ; ImmutableOopMap {rax=Oop [208]=Oop [216]=Oop [232]=Oop [240]=Oop [256]=Oop [272]=Oop }
                      ;*invokestatic linkToSpecial {reexecute=0 rethrow=0 return_oop=0}
                      ; - java.lang.invoke.LambdaForm$DMH/0x000001eb9e134400::newInvokeSpecial@24
                      ; - java.lang.invoke.Invokers$Holder::linkToTargetMethod@9
                      ; - org.springframework.beans.factory.support.AbstractBeanFactory::doGetBean@472 (line 331)
  0x000001eb9230e398: 5d93 ff4c | 8bac 2418 | 0100 008b | 8c24 e400 | 0000 e975 | f8ff ff4c | 8b8c 2440 | 0100 00e9 
  0x000001eb9230e3b8: 4df7 ffff | 4c8b 8c24 | 4001 0000 | e940 f7ff | ff4c 8b8c | 2440 0100 | 00e9 33f7 | ffff 4c8b 
  0x000001eb9230e3d8: 8424 f801 | 0000 e913 | faff ff48 | 89bc 2400 | 0100 00e9 | b7f8 ffff | 4889 bc24 | 0001 0000 
  0x000001eb9230e3f8: e954 faff | ff4c 8b8c | 2440 0100 | 00e9 fff6 | ffff 498b | 87f8 0400 | 0049 c787 | f804 0000 
  0x000001eb9230e418: 0000 0000 | 49c7 8700 | 0500 0000 | 0000 0048 | 81c4 3002 

  0x000001eb9230e42c: ;   {runtime_call unwind_exception Runtime1 stub}
  0x000001eb9230e42c: 0000 5de9 | 4c4e 93ff | f4f4 f4f4 
[Stub Code]
  0x000001eb9230e438: ;   {no_reloc}
  0x000001eb9230e438: 0f1f 4400 

  0x000001eb9230e43c: ;   {static_stub}
  0x000001eb9230e43c: 0048 bb00 | 0000 0000 

  0x000001eb9230e444: ;   {runtime_call}
  0x000001eb9230e444: 0000 00e9 | fbff ffff 

  0x000001eb9230e44c: ;   {static_stub}
  0x000001eb9230e44c: 9048 bb00 | 0000 0000 

  0x000001eb9230e454: ;   {runtime_call}
  0x000001eb9230e454: 0000 00e9 | fbff ffff 

  0x000001eb9230e45c: ;   {static_stub}
  0x000001eb9230e45c: 9048 bb20 | e2c4 deeb 

  0x000001eb9230e464: ;   {runtime_call I2C/C2I adapters}
  0x000001eb9230e464: 0100 00e9 | 7b5d 88ff 

  0x000001eb9230e46c: ;   {static_stub}
  0x000001eb9230e46c: 9048 bb00 | 0000 0000 

  0x000001eb9230e474: ;   {runtime_call}
  0x000001eb9230e474: 0000 00e9 | fbff ffff 

  0x000001eb9230e47c: ;   {static_stub}
  0x000001eb9230e47c: 9048 bb08 | fac4 deeb 

  0x000001eb9230e484: ;   {runtime_call I2C/C2I adapters}
  0x000001eb9230e484: 0100 00e9 | 5b5d 88ff 

  0x000001eb9230e48c: ;   {static_stub}
  0x000001eb9230e48c: 9048 bb00 | 0000 0000 

  0x000001eb9230e494: ;   {runtime_call}
  0x000001eb9230e494: 0000 00e9 | fbff ffff 

  0x000001eb9230e49c: ;   {static_stub}
  0x000001eb9230e49c: 9048 bb48 | 6ac2 deeb 

  0x000001eb9230e4a4: ;   {runtime_call I2C/C2I adapters}
  0x000001eb9230e4a4: 0100 00e9 | c33a 87ff 

  0x000001eb9230e4ac: ;   {static_stub}
  0x000001eb9230e4ac: 9048 bb50 | c8c5 deeb 

  0x000001eb9230e4b4: ;   {runtime_call I2C/C2I adapters}
  0x000001eb9230e4b4: 0100 00e9 | afc8 87ff 

  0x000001eb9230e4bc: ;   {static_stub}
  0x000001eb9230e4bc: 9048 bb00 | 0000 0000 

  0x000001eb9230e4c4: ;   {runtime_call}
  0x000001eb9230e4c4: 0000 00e9 | fbff ffff 

  0x000001eb9230e4cc: ;   {static_stub}
  0x000001eb9230e4cc: 9048 bbc8 | b7c5 deeb 

  0x000001eb9230e4d4: ;   {runtime_call I2C/C2I adapters}
  0x000001eb9230e4d4: 0100 00e9 | 8fc8 87ff 

  0x000001eb9230e4dc: ;   {static_stub}
  0x000001eb9230e4dc: 9048 bb00 | 0000 0000 

  0x000001eb9230e4e4: ;   {runtime_call}
  0x000001eb9230e4e4: 0000 00e9 | fbff ffff 

  0x000001eb9230e4ec: ;   {static_stub}
  0x000001eb9230e4ec: 9048 bb00 | 0000 0000 

  0x000001eb9230e4f4: ;   {runtime_call}
  0x000001eb9230e4f4: 0000 00e9 | fbff ffff 

  0x000001eb9230e4fc: ;   {static_stub}
  0x000001eb9230e4fc: 9048 bb00 | 0000 0000 

  0x000001eb9230e504: ;   {runtime_call}
  0x000001eb9230e504: 0000 00e9 | fbff ffff 

  0x000001eb9230e50c: ;   {static_stub}
  0x000001eb9230e50c: 9048 bb00 | 0000 0000 

  0x000001eb9230e514: ;   {runtime_call}
  0x000001eb9230e514: 0000 00e9 | fbff ffff 

  0x000001eb9230e51c: ;   {static_stub}
  0x000001eb9230e51c: 9048 bb00 | 0000 0000 

  0x000001eb9230e524: ;   {runtime_call}
  0x000001eb9230e524: 0000 00e9 | fbff ffff 

  0x000001eb9230e52c: ;   {static_stub}
  0x000001eb9230e52c: 9048 bb00 | 0000 0000 

  0x000001eb9230e534: ;   {runtime_call}
  0x000001eb9230e534: 0000 00e9 | fbff ffff 

  0x000001eb9230e53c: ;   {static_stub}
  0x000001eb9230e53c: 9048 bb00 | 0000 0000 

  0x000001eb9230e544: ;   {runtime_call}
  0x000001eb9230e544: 0000 00e9 | fbff ffff 

  0x000001eb9230e54c: ;   {static_stub}
  0x000001eb9230e54c: 9048 bb00 | 0000 0000 

  0x000001eb9230e554: ;   {runtime_call}
  0x000001eb9230e554: 0000 00e9 | fbff ffff 

  0x000001eb9230e55c: ;   {static_stub}
  0x000001eb9230e55c: 9048 bb00 | 0000 0000 

  0x000001eb9230e564: ;   {runtime_call}
  0x000001eb9230e564: 0000 00e9 | fbff ffff 

  0x000001eb9230e56c: ;   {static_stub}
  0x000001eb9230e56c: 9048 bb00 | 0000 0000 

  0x000001eb9230e574: ;   {runtime_call}
  0x000001eb9230e574: 0000 00e9 | fbff ffff 

  0x000001eb9230e57c: ;   {static_stub}
  0x000001eb9230e57c: 9048 bb00 | 0000 0000 

  0x000001eb9230e584: ;   {runtime_call}
  0x000001eb9230e584: 0000 00e9 | fbff ffff 

  0x000001eb9230e58c: ;   {static_stub}
  0x000001eb9230e58c: 9048 bb00 | 0000 0000 

  0x000001eb9230e594: ;   {runtime_call}
  0x000001eb9230e594: 0000 00e9 | fbff ffff 

  0x000001eb9230e59c: ;   {static_stub}
  0x000001eb9230e59c: 9048 bb00 | 0000 0000 

  0x000001eb9230e5a4: ;   {runtime_call}
  0x000001eb9230e5a4: 0000 00e9 | fbff ffff 

  0x000001eb9230e5ac: ;   {static_stub}
  0x000001eb9230e5ac: 9048 bb00 | 0000 0000 

  0x000001eb9230e5b4: ;   {runtime_call}
  0x000001eb9230e5b4: 0000 00e9 | fbff ffff 

  0x000001eb9230e5bc: ;   {static_stub}
  0x000001eb9230e5bc: 9048 bb00 | 0000 0000 

  0x000001eb9230e5c4: ;   {runtime_call}
  0x000001eb9230e5c4: 0000 00e9 | fbff ffff 

  0x000001eb9230e5cc: ;   {static_stub}
  0x000001eb9230e5cc: 9048 bb00 | 0000 0000 

  0x000001eb9230e5d4: ;   {runtime_call}
  0x000001eb9230e5d4: 0000 00e9 | fbff ffff 

  0x000001eb9230e5dc: ;   {static_stub}
  0x000001eb9230e5dc: 9048 bb00 | 0000 0000 

  0x000001eb9230e5e4: ;   {runtime_call}
  0x000001eb9230e5e4: 0000 00e9 | fbff ffff 

  0x000001eb9230e5ec: ;   {static_stub}
  0x000001eb9230e5ec: 9048 bb00 | 0000 0000 

  0x000001eb9230e5f4: ;   {runtime_call}
  0x000001eb9230e5f4: 0000 00e9 | fbff ffff 

  0x000001eb9230e5fc: ;   {static_stub}
  0x000001eb9230e5fc: 9048 bb00 | 0000 0000 

  0x000001eb9230e604: ;   {runtime_call}
  0x000001eb9230e604: 0000 00e9 | fbff ffff 

  0x000001eb9230e60c: ;   {static_stub}
  0x000001eb9230e60c: 9048 bb00 | 0000 0000 

  0x000001eb9230e614: ;   {runtime_call}
  0x000001eb9230e614: 0000 00e9 | fbff ffff 

  0x000001eb9230e61c: ;   {static_stub}
  0x000001eb9230e61c: 9048 bb00 | 0000 0000 

  0x000001eb9230e624: ;   {runtime_call}
  0x000001eb9230e624: 0000 00e9 | fbff ffff 

  0x000001eb9230e62c: ;   {static_stub}
  0x000001eb9230e62c: 9048 bb00 | 0000 0000 

  0x000001eb9230e634: ;   {runtime_call}
  0x000001eb9230e634: 0000 00e9 | fbff ffff 

  0x000001eb9230e63c: ;   {static_stub}
  0x000001eb9230e63c: 9048 bb00 | 0000 0000 

  0x000001eb9230e644: ;   {runtime_call}
  0x000001eb9230e644: 0000 00e9 | fbff ffff 

  0x000001eb9230e64c: ;   {static_stub}
  0x000001eb9230e64c: 9048 bb00 | 0000 0000 

  0x000001eb9230e654: ;   {runtime_call}
  0x000001eb9230e654: 0000 00e9 | fbff ffff 

  0x000001eb9230e65c: ;   {static_stub}
  0x000001eb9230e65c: 9048 bb00 | 0000 0000 

  0x000001eb9230e664: ;   {runtime_call}
  0x000001eb9230e664: 0000 00e9 | fbff ffff 

  0x000001eb9230e66c: ;   {static_stub}
  0x000001eb9230e66c: 9048 bb00 | 0000 0000 

  0x000001eb9230e674: ;   {runtime_call}
  0x000001eb9230e674: 0000 00e9 | fbff ffff 

  0x000001eb9230e67c: ;   {static_stub}
  0x000001eb9230e67c: 9048 bb00 | 0000 0000 

  0x000001eb9230e684: ;   {runtime_call}
  0x000001eb9230e684: 0000 00e9 | fbff ffff 

  0x000001eb9230e68c: ;   {static_stub}
  0x000001eb9230e68c: 9048 bb00 | 0000 0000 

  0x000001eb9230e694: ;   {runtime_call}
  0x000001eb9230e694: 0000 00e9 | fbff ffff 

  0x000001eb9230e69c: ;   {static_stub}
  0x000001eb9230e69c: 9048 bb00 | 0000 0000 

  0x000001eb9230e6a4: ;   {runtime_call}
  0x000001eb9230e6a4: 0000 00e9 | fbff ffff 

  0x000001eb9230e6ac: ;   {static_stub}
  0x000001eb9230e6ac: 9048 bb00 | 0000 0000 

  0x000001eb9230e6b4: ;   {runtime_call}
  0x000001eb9230e6b4: 0000 00e9 | fbff ffff 

  0x000001eb9230e6bc: ;   {static_stub}
  0x000001eb9230e6bc: 9048 bb00 | 0000 0000 

  0x000001eb9230e6c4: ;   {runtime_call}
  0x000001eb9230e6c4: 0000 00e9 | fbff ffff 

  0x000001eb9230e6cc: ;   {static_stub}
  0x000001eb9230e6cc: 9048 bb00 | 0000 0000 

  0x000001eb9230e6d4: ;   {runtime_call}
  0x000001eb9230e6d4: 0000 00e9 | fbff ffff 

  0x000001eb9230e6dc: ;   {static_stub}
  0x000001eb9230e6dc: 9048 bb00 | 0000 0000 

  0x000001eb9230e6e4: ;   {runtime_call}
  0x000001eb9230e6e4: 0000 00e9 | fbff ffff 

  0x000001eb9230e6ec: ;   {static_stub}
  0x000001eb9230e6ec: 9048 bb00 | 0000 0000 

  0x000001eb9230e6f4: ;   {runtime_call}
  0x000001eb9230e6f4: 0000 00e9 | fbff ffff 

  0x000001eb9230e6fc: ;   {static_stub}
  0x000001eb9230e6fc: 9048 bb00 | 0000 0000 

  0x000001eb9230e704: ;   {runtime_call}
  0x000001eb9230e704: 0000 00e9 | fbff ffff 

  0x000001eb9230e70c: ;   {static_stub}
  0x000001eb9230e70c: 9048 bb00 | 0000 0000 

  0x000001eb9230e714: ;   {runtime_call}
  0x000001eb9230e714: 0000 00e9 | fbff ffff 

  0x000001eb9230e71c: ;   {static_stub}
  0x000001eb9230e71c: 9048 bb00 | 0000 0000 

  0x000001eb9230e724: ;   {runtime_call}
  0x000001eb9230e724: 0000 00e9 | fbff ffff 

  0x000001eb9230e72c: ;   {static_stub}
  0x000001eb9230e72c: 9048 bb00 | 0000 0000 

  0x000001eb9230e734: ;   {runtime_call}
  0x000001eb9230e734: 0000 00e9 | fbff ffff 

  0x000001eb9230e73c: ;   {static_stub}
  0x000001eb9230e73c: 9048 bb00 | 0000 0000 

  0x000001eb9230e744: ;   {runtime_call}
  0x000001eb9230e744: 0000 00e9 | fbff ffff 

  0x000001eb9230e74c: ;   {static_stub}
  0x000001eb9230e74c: 9048 bb00 | 0000 0000 

  0x000001eb9230e754: ;   {runtime_call}
  0x000001eb9230e754: 0000 00e9 | fbff ffff 

  0x000001eb9230e75c: ;   {static_stub}
  0x000001eb9230e75c: 9048 bb00 | 0000 0000 

  0x000001eb9230e764: ;   {runtime_call}
  0x000001eb9230e764: 0000 00e9 | fbff ffff 

  0x000001eb9230e76c: ;   {static_stub}
  0x000001eb9230e76c: 9048 bb00 | 0000 0000 

  0x000001eb9230e774: ;   {runtime_call}
  0x000001eb9230e774: 0000 00e9 | fbff ffff 

  0x000001eb9230e77c: ;   {static_stub}
  0x000001eb9230e77c: 9048 bb00 | 0000 0000 

  0x000001eb9230e784: ;   {runtime_call}
  0x000001eb9230e784: 0000 00e9 | fbff ffff 

  0x000001eb9230e78c: ;   {static_stub}
  0x000001eb9230e78c: 9048 bb00 | 0000 0000 

  0x000001eb9230e794: ;   {runtime_call}
  0x000001eb9230e794: 0000 00e9 | fbff ffff 

  0x000001eb9230e79c: ;   {static_stub}
  0x000001eb9230e79c: 9048 bb00 | 0000 0000 

  0x000001eb9230e7a4: ;   {runtime_call}
  0x000001eb9230e7a4: 0000 00e9 | fbff ffff 

  0x000001eb9230e7ac: ;   {static_stub}
  0x000001eb9230e7ac: 48bb 40cb | c5de eb01 

  0x000001eb9230e7b4: ;   {runtime_call I2C/C2I adapters}
  0x000001eb9230e7b4: 0000 e9b4 

  0x000001eb9230e7b8: ;   {static_stub}
  0x000001eb9230e7b8: 3787 ff48 | bb00 0000 | 0000 0000 

  0x000001eb9230e7c4: ;   {runtime_call}
  0x000001eb9230e7c4: 00e9 fbff 

  0x000001eb9230e7c8: ;   {static_stub}
  0x000001eb9230e7c8: ffff 48bb | 0000 0000 | 0000 0000 

  0x000001eb9230e7d4: ;   {runtime_call}
  0x000001eb9230e7d4: e9fb ffff 

  0x000001eb9230e7d8: ;   {static_stub}
  0x000001eb9230e7d8: ff48 bb00 | 0000 0000 

  0x000001eb9230e7e0: ;   {runtime_call}
  0x000001eb9230e7e0: 0000 00e9 | fbff ffff 

  0x000001eb9230e7e8: ;   {static_stub}
  0x000001eb9230e7e8: 48bb 0000 | 0000 0000 

  0x000001eb9230e7f0: ;   {runtime_call}
  0x000001eb9230e7f0: 0000 e9fb 

  0x000001eb9230e7f4: ;   {static_stub}
  0x000001eb9230e7f4: ffff ff48 | bb00 0000 | 0000 0000 

  0x000001eb9230e800: ;   {runtime_call}
  0x000001eb9230e800: 00e9 fbff 

  0x000001eb9230e804: ;   {static_stub}
  0x000001eb9230e804: ffff 48bb | 0000 0000 | 0000 0000 

  0x000001eb9230e810: ;   {runtime_call}
  0x000001eb9230e810: e9fb ffff 

  0x000001eb9230e814: ;   {static_stub}
  0x000001eb9230e814: ff48 bb88 | 6e00 9deb 

  0x000001eb9230e81c: ;   {runtime_call I2C/C2I adapters}
  0x000001eb9230e81c: 0100 00e9 | 3f4c 88ff 

  0x000001eb9230e824: ;   {static_stub}
  0x000001eb9230e824: 48bb 0000 | 0000 0000 

  0x000001eb9230e82c: ;   {runtime_call}
  0x000001eb9230e82c: 0000 e9fb 

  0x000001eb9230e830: ;   {runtime_call handle_exception_from_callee Runtime1 stub}
  0x000001eb9230e830: ffff ffe8 | 4877 93ff 

  0x000001eb9230e838: ;   {external_word}
  0x000001eb9230e838: 48b9 b078 | 75f8 fd7f | 0000 4883 

  0x000001eb9230e844: ;   {runtime_call}
  0x000001eb9230e844: e4f0 48b8 | 5042 3df8 | fd7f 0000 

  0x000001eb9230e850: ;   {section_word}
  0x000001eb9230e850: ffd0 f449 | ba53 e830 | 92eb 0100 

  0x000001eb9230e85c: ;   {runtime_call DeoptimizationBlob}
  0x000001eb9230e85c: 0041 52e9 | 3c61 88ff | f4f4 f4f4 
[/MachCode]


Compiled method (c1)    8121 3243       1       org.springframework.beans.factory.support.AbstractBeanFactory::getBean (9 bytes)
 total in heap  [0x000001eb92307e90,0x000001eb923081a0] = 784
 relocation     [0x000001eb92307ff0,0x000001eb92308028] = 56
 main code      [0x000001eb92308040,0x000001eb923080f0] = 176
 stub code      [0x000001eb923080f0,0x000001eb92308138] = 72
 oops           [0x000001eb92308138,0x000001eb92308140] = 8
 metadata       [0x000001eb92308140,0x000001eb92308158] = 24
 scopes data    [0x000001eb92308158,0x000001eb92308168] = 16
 scopes pcs     [0x000001eb92308168,0x000001eb92308198] = 48
 dependencies   [0x000001eb92308198,0x000001eb923081a0] = 8

[Constant Pool (empty)]

[MachCode]
[Entry Point]
  # {method} {0x000001ebdec4b4d8} 'getBean' '(Ljava/lang/String;Ljava/lang/Class;)Ljava/lang/Object;' in 'org/springframework/beans/factory/support/AbstractBeanFactory'
  # this:     rdx:rdx   = 'org/springframework/beans/factory/support/AbstractBeanFactory'
  # parm0:    r8:r8     = 'java/lang/String'
  # parm1:    r9:r9     = 'java/lang/Class'
  #           [sp+0x50]  (sp of caller)
  0x000001eb92308040: 448b 5208 | 49bb 0000 | 009d eb01 | 0000 4d03 | d34c 3bd0 

  0x000001eb92308054: ;   {runtime_call ic_miss_stub}
  0x000001eb92308054: 0f85 2667 | 88ff 660f | 1f44 0000 
[Verified Entry Point]
  0x000001eb92308060: e91b f683 | ffff ff55 | 4883 ec40 | 4181 7f20 | 0500 0000 

  0x000001eb92308074: ;   {runtime_call StubRoutines (final stubs)}
  0x000001eb92308074: 7405 e8e5 

  0x000001eb92308078: ;   {oop(nullptr)}
  0x000001eb92308078: cc86 ff48 | bf00 0000 | 0000 0000 | 00be 0000 | 0000 0f1f 

  0x000001eb9230808c: ;   {optimized virtual_call}
  0x000001eb9230808c: 4400 00e8 

  0x000001eb92308090: ; ImmutableOopMap {}
                      ;*invokevirtual doGetBean {reexecute=0 rethrow=0 return_oop=0}
                      ; - org.springframework.beans.factory.support.AbstractBeanFactory::getBean@5 (line 201)
  0x000001eb92308090: 0c44 0000 

  0x000001eb92308094: ;   {other}
  0x000001eb92308094: 0fff 00a9 | 0402 0000 | 4883 c440 

  0x000001eb923080a0: ;   {poll_return}
  0x000001eb923080a0: 5d49 3ba7 | 4804 0000 | 0f87 0100 

  0x000001eb923080ac: ;   {internal_word}
  0x000001eb923080ac: 0000 c349 | baa1 8030 | 92eb 0100 | 004d 8997 | 6004 0000 

  0x000001eb923080c0: ;   {runtime_call SafepointBlob}
  0x000001eb923080c0: e93b d688 | ff49 8b87 | f804 0000 | 49c7 87f8 | 0400 0000 | 0000 0049 | c787 0005 | 0000 0000 
  0x000001eb923080e0: 0000 4883 

  0x000001eb923080e4: ;   {runtime_call unwind_exception Runtime1 stub}
  0x000001eb923080e4: c440 5de9 | 94b1 93ff | f4f4 f4f4 
[Stub Code]
  0x000001eb923080f0: ;   {no_reloc}
  0x000001eb923080f0: 0f1f 4400 

  0x000001eb923080f4: ;   {static_stub}
  0x000001eb923080f4: 0048 bb00 | 0000 0000 

  0x000001eb923080fc: ;   {runtime_call}
  0x000001eb923080fc: 0000 00e9 | fbff ffff 
[Exception Handler]
  0x000001eb92308104: ;   {runtime_call handle_exception_from_callee Runtime1 stub}
  0x000001eb92308104: e877 de93 

  0x000001eb92308108: ;   {external_word}
  0x000001eb92308108: ff48 b9b0 | 7875 f8fd | 7f00 0048 

  0x000001eb92308114: ;   {runtime_call}
  0x000001eb92308114: 83e4 f048 | b850 423d | f8fd 7f00 | 00ff d0f4 
[Deopt Handler Code]
  0x000001eb92308124: ;   {section_word}
  0x000001eb92308124: 49ba 2481 | 3092 eb01 | 0000 4152 

  0x000001eb92308130: ;   {runtime_call DeoptimizationBlob}
  0x000001eb92308130: e96b c888 | fff4 f4f4 
[/MachCode]


---------------  P R O C E S S  ---------------

Threads class SMR info:
_java_thread_list=0x000001ebe241f590, length=24, elements={
0x000001eb87335d80, 0x000001eb9c649890, 0x000001eb9c64a2e0, 0x000001eb9c64e780,
0x000001eb9c64fef0, 0x000001eb9c650940, 0x000001eb9c651390, 0x000001eb9c652b00,
0x000001eb9c857740, 0x000001eb9c85a550, 0x000001eb9cb7e620, 0x000001eb9cb7a560,
0x000001ebe2582c00, 0x000001ebe25db0e0, 0x000001ebe264d390, 0x000001ebe26c86e0,
0x000001ebe2a83e90, 0x000001ebe2cdc640, 0x000001ebe2cdb920, 0x000001ebe2cdd360,
0x000001ebe2cdbfb0, 0x000001ebe2cdb290, 0x000001ebe2cdd9f0, 0x000001ebe6de3c30
}

Java Threads: ( => current thread )
=>0x000001eb87335d80 JavaThread "main"                              [_thread_in_native, id=7040, stack(0x0000002760600000,0x0000002760700000) (1024K)]
  0x000001eb9c649890 JavaThread "Reference Handler"          daemon [_thread_blocked, id=12220, stack(0x0000002760e00000,0x0000002760f00000) (1024K)]
  0x000001eb9c64a2e0 JavaThread "Finalizer"                  daemon [_thread_blocked, id=3688, stack(0x0000002760f00000,0x0000002761000000) (1024K)]
  0x000001eb9c64e780 JavaThread "Signal Dispatcher"          daemon [_thread_blocked, id=9444, stack(0x0000002761000000,0x0000002761100000) (1024K)]
  0x000001eb9c64fef0 JavaThread "Attach Listener"            daemon [_thread_blocked, id=15844, stack(0x0000002761100000,0x0000002761200000) (1024K)]
  0x000001eb9c650940 JavaThread "Service Thread"             daemon [_thread_blocked, id=10716, stack(0x0000002761200000,0x0000002761300000) (1024K)]
  0x000001eb9c651390 JavaThread "Monitor Deflation Thread"   daemon [_thread_blocked, id=9024, stack(0x0000002761300000,0x0000002761400000) (1024K)]
  0x000001eb9c652b00 JavaThread "C1 CompilerThread0"         daemon [_thread_blocked, id=7628, stack(0x0000002761400000,0x0000002761500000) (1024K)]
  0x000001eb9c857740 JavaThread "Common-Cleaner"             daemon [_thread_blocked, id=11568, stack(0x0000002761500000,0x0000002761600000) (1024K)]
  0x000001eb9c85a550 JavaThread "C1 CompilerThread1"         daemon [_thread_blocked, id=4648, stack(0x0000002761600000,0x0000002761700000) (1024K)]
  0x000001eb9cb7e620 JavaThread "Monitor Ctrl-Break"         daemon [_thread_in_native, id=9068, stack(0x0000002761900000,0x0000002761a00000) (1024K)]
  0x000001eb9cb7a560 JavaThread "Notification Thread"        daemon [_thread_blocked, id=6924, stack(0x0000002761a00000,0x0000002761b00000) (1024K)]
  0x000001ebe2582c00 JavaThread "RMI TCP Accept-0"           daemon [_thread_in_native, id=12312, stack(0x0000002761b00000,0x0000002761c00000) (1024K)]
  0x000001ebe25db0e0 JavaThread "RMI TCP Connection(1)-172.16.44.142" daemon [_thread_in_native, id=11312, stack(0x0000002761c00000,0x0000002761d00000) (1024K)]
  0x000001ebe264d390 JavaThread "RMI Scheduler(0)"           daemon [_thread_blocked, id=2068, stack(0x0000002762400000,0x0000002762500000) (1024K)]
  0x000001ebe26c86e0 JavaThread "JMX server connection timeout 33" daemon [_thread_blocked, id=16280, stack(0x0000002762500000,0x0000002762600000) (1024K)]
  0x000001ebe2a83e90 JavaThread "RMI TCP Connection(2)-172.16.44.142" daemon [_thread_in_native, id=12736, stack(0x0000002762600000,0x0000002762700000) (1024K)]
  0x000001ebe2cdc640 JavaThread "SIGINT handler"             daemon [_thread_blocked, id=16188, stack(0x0000002762700000,0x0000002762800000) (1024K)]
  0x000001ebe2cdb920 JavaThread "SpringApplicationShutdownHook"        [_thread_blocked, id=4200, stack(0x0000002762a00000,0x0000002762b00000) (1024K)]
  0x000001ebe2cdd360 JavaThread "Jndi-Dns-address-change-listener" daemon [_thread_in_native, id=15108, stack(0x0000002762900000,0x0000002762a00000) (1024K)]
  0x000001ebe2cdbfb0 JavaThread "lettuce-timer-3-1"          daemon [_thread_blocked, id=1916, stack(0x0000002762b00000,0x0000002762c00000) (1024K)]
  0x000001ebe2cdb290 JavaThread "mysql-cj-abandoned-connection-cleanup" daemon [_thread_blocked, id=10688, stack(0x0000002762c00000,0x0000002762d00000) (1024K)]
  0x000001ebe2cdd9f0 JavaThread "JFR Recorder Thread"        daemon [_thread_in_native, id=6500, stack(0x0000002762d00000,0x0000002762e00000) (1024K)]
  0x000001ebe6de3c30 JavaThread "JFR Periodic Tasks"         daemon [_thread_blocked, id=14576, stack(0x0000002762e00000,0x0000002762f00000) (1024K)]
Total: 24

Other Threads:
  0x000001eb9c62bd70 VMThread "VM Thread"                           [id=1412, stack(0x0000002760d00000,0x0000002760e00000) (1024K)]
  0x000001eb9c615a40 WatcherThread "VM Periodic Task Thread"        [id=6740, stack(0x0000002760c00000,0x0000002760d00000) (1024K)]
  0x000001eb89723930 WorkerThread "GC Thread#0"                     [id=14460, stack(0x0000002760700000,0x0000002760800000) (1024K)]
  0x000001ebe25e7ad0 WorkerThread "GC Thread#1"                     [id=1472, stack(0x0000002761d00000,0x0000002761e00000) (1024K)]
  0x000001ebe25e7e70 WorkerThread "GC Thread#2"                     [id=9200, stack(0x0000002761e00000,0x0000002761f00000) (1024K)]
  0x000001ebe25e8210 WorkerThread "GC Thread#3"                     [id=11748, stack(0x0000002761f00000,0x0000002762000000) (1024K)]
  0x000001ebe25e85b0 WorkerThread "GC Thread#4"                     [id=10980, stack(0x0000002762000000,0x0000002762100000) (1024K)]
  0x000001ebe25e8950 WorkerThread "GC Thread#5"                     [id=2420, stack(0x0000002762100000,0x0000002762200000) (1024K)]
  0x000001ebe2672c30 WorkerThread "GC Thread#6"                     [id=8600, stack(0x0000002762200000,0x0000002762300000) (1024K)]
  0x000001ebe26733e0 WorkerThread "GC Thread#7"                     [id=7720, stack(0x0000002762300000,0x0000002762400000) (1024K)]
  0x000001eb89734630 ConcurrentGCThread "G1 Main Marker"            [id=7412, stack(0x0000002760800000,0x0000002760900000) (1024K)]
  0x000001eb89735040 WorkerThread "G1 Conc#0"                       [id=8684, stack(0x0000002760900000,0x0000002760a00000) (1024K)]
  0x000001ebe2d687c0 WorkerThread "G1 Conc#1"                       [id=12188, stack(0x0000002762800000,0x0000002762900000) (1024K)]
  0x000001eb9c4d15e0 ConcurrentGCThread "G1 Refine#0"               [id=11752, stack(0x0000002760a00000,0x0000002760b00000) (1024K)]
  0x000001eb9c4d5c70 ConcurrentGCThread "G1 Service"                [id=13280, stack(0x0000002760b00000,0x0000002760c00000) (1024K)]
Total: 15

Threads with active compile tasks:
Total: 0

VM state: not at safepoint (normal execution)

VM Mutex/Monitor currently owned by a thread: None

Heap address: 0x0000000701e00000, size: 4066 MB, Compressed Oops mode: Zero based, Oop shift amount: 3

CDS archive(s) mapped at: [0x000001eb9d000000-0x000001eb9dc90000-0x000001eb9dc90000), size 13172736, SharedBaseAddress: 0x000001eb9d000000, ArchiveRelocationMode: 1.
Compressed class space mapped at: 0x000001eb9e000000-0x000001ebde000000, reserved size: 1073741824
Narrow klass base: 0x000001eb9d000000, Narrow klass shift: 0, Narrow klass range: 0x100000000

GC Precious Log:
 CardTable entry size: 512
 Card Set container configuration: InlinePtr #cards 4 size 8 Array Of Cards #cards 16 size 48 Howl #buckets 8 coarsen threshold 3686 Howl Bitmap #cards 512 size 80 coarsen threshold 460 Card regions per heap region 1 cards per card region 4096
 CPUs: 8 total, 8 available
 Memory: 16259M
 Large Page Support: Disabled
 NUMA Support: Disabled
 Compressed Oops: Enabled (Zero based)
 Heap Region Size: 2M
 Heap Min Capacity: 8M
 Heap Initial Capacity: 256M
 Heap Max Capacity: 4066M
 Pre-touch: Disabled
 Parallel Workers: 8
 Concurrent Workers: 2
 Concurrent Refinement Workers: 8
 Periodic GC: Disabled

Heap:
 garbage-first heap   total 83968K, used 60631K [0x0000000701e00000, 0x0000000800000000)
  region size 2048K, 19 young (38912K), 2 survivors (4096K)
 Metaspace       used 58560K, committed 59200K, reserved 1114112K
  class space    used 8082K, committed 8384K, reserved 1048576K

Heap Regions: E=young(eden), S=young(survivor), O=old, HS=humongous(starts), HC=humongous(continues), CS=collection set, F=free, TAMS=top-at-mark-start, PB=parsable bottom
|   0|0x0000000701e00000, 0x0000000702000000, 0x0000000702000000|100%| O|  |TAMS 0x0000000701e00000| PB 0x0000000701e00000| Untracked 
|   1|0x0000000702000000, 0x0000000702200000, 0x0000000702200000|100%| O|  |TAMS 0x0000000702000000| PB 0x0000000702000000| Untracked 
|   2|0x0000000702200000, 0x0000000702400000, 0x0000000702400000|100%| O|  |TAMS 0x0000000702200000| PB 0x0000000702200000| Untracked 
|   3|0x0000000702400000, 0x0000000702600000, 0x0000000702600000|100%| O|  |TAMS 0x0000000702400000| PB 0x0000000702400000| Untracked 
|   4|0x0000000702600000, 0x0000000702800000, 0x0000000702800000|100%| O|  |TAMS 0x0000000702600000| PB 0x0000000702600000| Untracked 
|   5|0x0000000702800000, 0x0000000702a00000, 0x0000000702a00000|100%| O|  |TAMS 0x0000000702800000| PB 0x0000000702800000| Untracked 
|   6|0x0000000702a00000, 0x0000000702c00000, 0x0000000702c00000|100%| O|  |TAMS 0x0000000702a00000| PB 0x0000000702a00000| Untracked 
|   7|0x0000000702c00000, 0x0000000702c00000, 0x0000000702e00000|  0%| F|  |TAMS 0x0000000702c00000| PB 0x0000000702c00000| Untracked 
|   8|0x0000000702e00000, 0x0000000703000000, 0x0000000703000000|100%| O|  |TAMS 0x0000000702e00000| PB 0x0000000702e00000| Untracked 
|   9|0x0000000703000000, 0x0000000703200000, 0x0000000703200000|100%| O|  |TAMS 0x0000000703000000| PB 0x0000000703000000| Untracked 
|  10|0x0000000703200000, 0x0000000703400000, 0x0000000703400000|100%| O|  |TAMS 0x0000000703200000| PB 0x0000000703200000| Untracked 
|  11|0x0000000703400000, 0x0000000703600000, 0x0000000703600000|100%| O|  |TAMS 0x0000000703400000| PB 0x0000000703400000| Untracked 
|  12|0x0000000703600000, 0x00000007037e3e80, 0x0000000703800000| 94%| O|  |TAMS 0x0000000703600000| PB 0x0000000703600000| Untracked 
|  13|0x0000000703800000, 0x0000000703800000, 0x0000000703a00000|  0%| F|  |TAMS 0x0000000703800000| PB 0x0000000703800000| Untracked 
|  14|0x0000000703a00000, 0x0000000703a00000, 0x0000000703c00000|  0%| F|  |TAMS 0x0000000703a00000| PB 0x0000000703a00000| Untracked 
|  15|0x0000000703c00000, 0x0000000703c00000, 0x0000000703e00000|  0%| F|  |TAMS 0x0000000703c00000| PB 0x0000000703c00000| Untracked 
|  16|0x0000000703e00000, 0x0000000703e00000, 0x0000000704000000|  0%| F|  |TAMS 0x0000000703e00000| PB 0x0000000703e00000| Untracked 
|  17|0x0000000704000000, 0x0000000704000000, 0x0000000704200000|  0%| F|  |TAMS 0x0000000704000000| PB 0x0000000704000000| Untracked 
|  18|0x0000000704200000, 0x0000000704352018, 0x0000000704400000| 66%| S|CS|TAMS 0x0000000704200000| PB 0x0000000704200000| Complete 
|  19|0x0000000704400000, 0x0000000704600000, 0x0000000704600000|100%| S|CS|TAMS 0x0000000704400000| PB 0x0000000704400000| Complete 
|  20|0x0000000704600000, 0x0000000704600000, 0x0000000704800000|  0%| F|  |TAMS 0x0000000704600000| PB 0x0000000704600000| Untracked 
|  21|0x0000000704800000, 0x0000000704800000, 0x0000000704a00000|  0%| F|  |TAMS 0x0000000704800000| PB 0x0000000704800000| Untracked 
|  22|0x0000000704a00000, 0x0000000704a00000, 0x0000000704c00000|  0%| F|  |TAMS 0x0000000704a00000| PB 0x0000000704a00000| Untracked 
|  23|0x0000000704c00000, 0x0000000704c00000, 0x0000000704e00000|  0%| F|  |TAMS 0x0000000704c00000| PB 0x0000000704c00000| Untracked 
|  24|0x0000000704e00000, 0x0000000705000000, 0x0000000705000000|100%| E|  |TAMS 0x0000000704e00000| PB 0x0000000704e00000| Complete 
|  25|0x0000000705000000, 0x0000000705200000, 0x0000000705200000|100%| E|CS|TAMS 0x0000000705000000| PB 0x0000000705000000| Complete 
|  26|0x0000000705200000, 0x0000000705400000, 0x0000000705400000|100%| E|CS|TAMS 0x0000000705200000| PB 0x0000000705200000| Complete 
|  27|0x0000000705400000, 0x0000000705600000, 0x0000000705600000|100%| E|CS|TAMS 0x0000000705400000| PB 0x0000000705400000| Complete 
|  28|0x0000000705600000, 0x0000000705800000, 0x0000000705800000|100%| E|CS|TAMS 0x0000000705600000| PB 0x0000000705600000| Complete 
|  29|0x0000000705800000, 0x0000000705a00000, 0x0000000705a00000|100%| E|CS|TAMS 0x0000000705800000| PB 0x0000000705800000| Complete 
|  30|0x0000000705a00000, 0x0000000705c00000, 0x0000000705c00000|100%| E|CS|TAMS 0x0000000705a00000| PB 0x0000000705a00000| Complete 
|  31|0x0000000705c00000, 0x0000000705e00000, 0x0000000705e00000|100%| E|CS|TAMS 0x0000000705c00000| PB 0x0000000705c00000| Complete 
|  32|0x0000000705e00000, 0x0000000706000000, 0x0000000706000000|100%| E|CS|TAMS 0x0000000705e00000| PB 0x0000000705e00000| Complete 
|  33|0x0000000706000000, 0x0000000706200000, 0x0000000706200000|100%| E|CS|TAMS 0x0000000706000000| PB 0x0000000706000000| Complete 
|  34|0x0000000706200000, 0x0000000706400000, 0x0000000706400000|100%| E|CS|TAMS 0x0000000706200000| PB 0x0000000706200000| Complete 
|  35|0x0000000706400000, 0x0000000706600000, 0x0000000706600000|100%| E|CS|TAMS 0x0000000706400000| PB 0x0000000706400000| Complete 
| 102|0x000000070ea00000, 0x000000070ec00000, 0x000000070ec00000|100%| E|CS|TAMS 0x000000070ea00000| PB 0x000000070ea00000| Complete 
| 103|0x000000070ec00000, 0x000000070ee00000, 0x000000070ee00000|100%| E|CS|TAMS 0x000000070ec00000| PB 0x000000070ec00000| Complete 
| 104|0x000000070ee00000, 0x000000070f000000, 0x000000070f000000|100%| E|CS|TAMS 0x000000070ee00000| PB 0x000000070ee00000| Complete 
| 126|0x0000000711a00000, 0x0000000711c00000, 0x0000000711c00000|100%| E|CS|TAMS 0x0000000711a00000| PB 0x0000000711a00000| Complete 
| 127|0x0000000711c00000, 0x0000000711e00000, 0x0000000711e00000|100%| E|CS|TAMS 0x0000000711c00000| PB 0x0000000711c00000| Complete 

Card table byte_map: [0x000001eb95450000,0x000001eb95c50000] _byte_map_base: 0x000001eb91c41000

Marking Bits: (CMBitMap*) 0x000001eb89723f40
 Bits: [0x000001eb95c50000, 0x000001eb99bd8000)

Polling page: 0x000001eb87520000

Metaspace:

Usage:
  Non-class:     49.29 MB used.
      Class:      7.89 MB used.
       Both:     57.19 MB used.

Virtual space:
  Non-class space:       64.00 MB reserved,      49.62 MB ( 78%) committed,  1 nodes.
      Class space:        1.00 GB reserved,       8.19 MB ( <1%) committed,  1 nodes.
             Both:        1.06 GB reserved,      57.81 MB (  5%) committed. 

Chunk freelists:
   Non-Class:  14.32 MB
       Class:  7.84 MB
        Both:  22.16 MB

MaxMetaspaceSize: unlimited
CompressedClassSpaceSize: 1.00 GB
Initial GC threshold: 21.00 MB
Current GC threshold: 59.00 MB
CDS: on
 - commit_granule_bytes: 65536.
 - commit_granule_words: 8192.
 - virtual_space_node_default_size: 8388608.
 - enlarge_chunks_in_place: 1.
 - use_allocation_guard: 0.


Internal statistics:

num_allocs_failed_limit: 8.
num_arena_births: 982.
num_arena_deaths: 0.
num_vsnodes_births: 2.
num_vsnodes_deaths: 0.
num_space_committed: 925.
num_space_uncommitted: 0.
num_chunks_returned_to_freelist: 8.
num_chunks_taken_from_freelist: 2989.
num_chunk_merges: 8.
num_chunk_splits: 2179.
num_chunks_enlarged: 1680.
num_inconsistent_stats: 0.

CodeCache: size=49152Kb used=10601Kb max_used=11726Kb free=38550Kb
 bounds [0x000001eb91b40000, 0x000001eb926c0000, 0x000001eb94b40000]
 total_blobs=6006 nmethods=5388 adapters=541
 compilation: enabled
              stopped_count=0, restarted_count=0
 full_count=0

Compilation events (20 events):
Event: 7.144 Thread 0x000001eb9c652b00 nmethod 5422 0x000001eb926a9a10 code [0x000001eb926a9be0, 0x000001eb926a9d68]
Event: 7.144 Thread 0x000001eb9c652b00 5426       1       jdk.internal.util.ByteArray::setInt (10 bytes)
Event: 7.144 Thread 0x000001eb9c85a550 nmethod 5421 0x000001eb926a9f10 code [0x000001eb926aa100, 0x000001eb926aa428]
Event: 7.144 Thread 0x000001eb9c86b2d0 nmethod 5418 0x000001eb926aa810 code [0x000001eb926aaa00, 0x000001eb926aac80]
Event: 7.144 Thread 0x000001eb9c85a550 5423       1       java.lang.invoke.VarHandleGuards::guard_LII_V (135 bytes)
Event: 7.144 Thread 0x000001eb9c86b2d0 5424       1       jdk.internal.misc.Unsafe::convEndian (16 bytes)
Event: 7.144 Thread 0x000001eb9c866c10 nmethod 5420 0x000001eb926ab090 code [0x000001eb926ab2c0, 0x000001eb926ab7d0]
Event: 7.144 Thread 0x000001eb9c86b2d0 nmethod 5424 0x000001eb926abf90 code [0x000001eb926ac120, 0x000001eb926ac200]
Event: 7.144 Thread 0x000001eb9c866c10 5425       1       java.lang.Integer::reverseBytes (28 bytes)
Event: 7.144 Thread 0x000001eb9c86b2d0 5427   !   1       java.io.ObjectOutputStream::writeObject0 (620 bytes)
Event: 7.145 Thread 0x000001eb9c866c10 nmethod 5425 0x000001eb926ac290 code [0x000001eb926ac420, 0x000001eb926ac4f0]
Event: 7.145 Thread 0x000001eb9c652b00 nmethod 5426 0x000001eb926ac590 code [0x000001eb926ac740, 0x000001eb926ac888]
Event: 7.145 Thread 0x000001eb9c866c10 5428       1       java.io.ObjectOutputStream$ReplaceTable::lookup (24 bytes)
Event: 7.145 Thread 0x000001eb9c866c10 nmethod 5428 0x000001eb926acb10 code [0x000001eb926accc0, 0x000001eb926ace38]
Event: 7.146 Thread 0x000001eb9c85a550 nmethod 5423 0x000001eb926ad010 code [0x000001eb926ad320, 0x000001eb926ae248]
Event: 7.148 Thread 0x000001eb9c86b2d0 nmethod 5427 0x000001eb926af490 code [0x000001eb926af940, 0x000001eb926b1088]
Event: 7.731 Thread 0x000001eb9c85a550 5429       1       java.util.concurrent.locks.ReentrantLock$NonfairSync::tryAcquire (27 bytes)
Event: 7.731 Thread 0x000001eb9c85a550 nmethod 5429 0x000001eb91e3b110 code [0x000001eb91e3b2c0, 0x000001eb91e3b448]
Event: 7.911 Thread 0x000001eb9c85a550 5430       1       io.netty.util.HashedWheelTimer::access$200 (5 bytes)
Event: 7.911 Thread 0x000001eb9c85a550 nmethod 5430 0x000001eb91e3ae10 code [0x000001eb91e3afa0, 0x000001eb91e3b058]

GC Heap History (18 events):
Event: 0.938 GC heap before
{Heap before GC invocations=0 (full 0):
 garbage-first heap   total 262144K, used 20480K [0x0000000701e00000, 0x0000000800000000)
  region size 2048K, 11 young (22528K), 0 survivors (0K)
 Metaspace       used 5593K, committed 5824K, reserved 1114112K
  class space    used 638K, committed 704K, reserved 1048576K
}
Event: 0.944 GC heap after
{Heap after GC invocations=1 (full 0):
 garbage-first heap   total 262144K, used 9170K [0x0000000701e00000, 0x0000000800000000)
  region size 2048K, 2 young (4096K), 2 survivors (4096K)
 Metaspace       used 5593K, committed 5824K, reserved 1114112K
  class space    used 638K, committed 704K, reserved 1048576K
}
Event: 1.523 GC heap before
{Heap before GC invocations=1 (full 0):
 garbage-first heap   total 262144K, used 29650K [0x0000000701e00000, 0x0000000800000000)
  region size 2048K, 12 young (24576K), 2 survivors (4096K)
 Metaspace       used 11179K, committed 11520K, reserved 1114112K
  class space    used 1428K, committed 1600K, reserved 1048576K
}
Event: 1.527 GC heap after
{Heap after GC invocations=2 (full 0):
 garbage-first heap   total 262144K, used 11315K [0x0000000701e00000, 0x0000000800000000)
  region size 2048K, 1 young (2048K), 1 survivors (2048K)
 Metaspace       used 11179K, committed 11520K, reserved 1114112K
  class space    used 1428K, committed 1600K, reserved 1048576K
}
Event: 2.119 GC heap before
{Heap before GC invocations=2 (full 0):
 garbage-first heap   total 262144K, used 52275K [0x0000000701e00000, 0x0000000800000000)
  region size 2048K, 23 young (47104K), 1 survivors (2048K)
 Metaspace       used 21068K, committed 21504K, reserved 1114112K
  class space    used 2787K, committed 3008K, reserved 1048576K
}
Event: 2.125 GC heap after
{Heap after GC invocations=3 (full 0):
 garbage-first heap   total 262144K, used 15030K [0x0000000701e00000, 0x0000000800000000)
  region size 2048K, 3 young (6144K), 3 survivors (6144K)
 Metaspace       used 21068K, committed 21504K, reserved 1114112K
  class space    used 2787K, committed 3008K, reserved 1048576K
}
Event: 2.416 GC heap before
{Heap before GC invocations=4 (full 0):
 garbage-first heap   total 69632K, used 49846K [0x0000000701e00000, 0x0000000800000000)
  region size 2048K, 20 young (40960K), 3 survivors (6144K)
 Metaspace       used 26620K, committed 27072K, reserved 1114112K
  class space    used 3434K, committed 3648K, reserved 1048576K
}
Event: 2.423 GC heap after
{Heap after GC invocations=5 (full 0):
 garbage-first heap   total 69632K, used 17099K [0x0000000701e00000, 0x0000000800000000)
  region size 2048K, 2 young (4096K), 2 survivors (4096K)
 Metaspace       used 26620K, committed 27072K, reserved 1114112K
  class space    used 3434K, committed 3648K, reserved 1048576K
}
Event: 2.643 GC heap before
{Heap before GC invocations=5 (full 0):
 garbage-first heap   total 69632K, used 47819K [0x0000000701e00000, 0x0000000800000000)
  region size 2048K, 17 young (34816K), 2 survivors (4096K)
 Metaspace       used 29751K, committed 30272K, reserved 1114112K
  class space    used 3919K, committed 4160K, reserved 1048576K
}
Event: 2.647 GC heap after
{Heap after GC invocations=6 (full 0):
 garbage-first heap   total 69632K, used 19242K [0x0000000701e00000, 0x0000000800000000)
  region size 2048K, 2 young (4096K), 2 survivors (4096K)
 Metaspace       used 29751K, committed 30272K, reserved 1114112K
  class space    used 3919K, committed 4160K, reserved 1048576K
}
Event: 3.176 GC heap before
{Heap before GC invocations=6 (full 0):
 garbage-first heap   total 69632K, used 49962K [0x0000000701e00000, 0x0000000800000000)
  region size 2048K, 18 young (36864K), 2 survivors (4096K)
 Metaspace       used 34440K, committed 35008K, reserved 1114112K
  class space    used 4614K, committed 4864K, reserved 1048576K
}
Event: 3.183 GC heap after
{Heap after GC invocations=7 (full 0):
 garbage-first heap   total 69632K, used 21238K [0x0000000701e00000, 0x0000000800000000)
  region size 2048K, 2 young (4096K), 2 survivors (4096K)
 Metaspace       used 34440K, committed 35008K, reserved 1114112K
  class space    used 4614K, committed 4864K, reserved 1048576K
}
Event: 3.348 GC heap before
{Heap before GC invocations=7 (full 0):
 garbage-first heap   total 69632K, used 31478K [0x0000000701e00000, 0x0000000800000000)
  region size 2048K, 8 young (16384K), 2 survivors (4096K)
 Metaspace       used 35610K, committed 36160K, reserved 1114112K
  class space    used 4784K, committed 5056K, reserved 1048576K
}
Event: 3.354 GC heap after
{Heap after GC invocations=8 (full 0):
 garbage-first heap   total 83968K, used 21811K [0x0000000701e00000, 0x0000000800000000)
  region size 2048K, 2 young (4096K), 2 survivors (4096K)
 Metaspace       used 35610K, committed 36160K, reserved 1114112K
  class space    used 4784K, committed 5056K, reserved 1048576K
}
Event: 4.116 GC heap before
{Heap before GC invocations=9 (full 0):
 garbage-first heap   total 83968K, used 66867K [0x0000000701e00000, 0x0000000800000000)
  region size 2048K, 24 young (49152K), 2 survivors (4096K)
 Metaspace       used 43037K, committed 43648K, reserved 1114112K
  class space    used 5814K, committed 6080K, reserved 1048576K
}
Event: 4.123 GC heap after
{Heap after GC invocations=10 (full 0):
 garbage-first heap   total 83968K, used 25474K [0x0000000701e00000, 0x0000000800000000)
  region size 2048K, 3 young (6144K), 3 survivors (6144K)
 Metaspace       used 43037K, committed 43648K, reserved 1114112K
  class space    used 5814K, committed 6080K, reserved 1048576K
}
Event: 4.933 GC heap before
{Heap before GC invocations=10 (full 0):
 garbage-first heap   total 83968K, used 68482K [0x0000000701e00000, 0x0000000800000000)
  region size 2048K, 24 young (49152K), 3 survivors (6144K)
 Metaspace       used 52195K, committed 52928K, reserved 1114112K
  class space    used 7222K, committed 7552K, reserved 1048576K
}
Event: 4.943 GC heap after
{Heap after GC invocations=11 (full 0):
 garbage-first heap   total 83968K, used 27863K [0x0000000701e00000, 0x0000000800000000)
  region size 2048K, 2 young (4096K), 2 survivors (4096K)
 Metaspace       used 52195K, committed 52928K, reserved 1114112K
  class space    used 7222K, committed 7552K, reserved 1048576K
}

Dll operation events (13 events):
Event: 0.033 Loaded shared library C:\Program Files\Java\jdk-21\bin\java.dll
Event: 0.297 Loaded shared library C:\Program Files\Java\jdk-21\bin\zip.dll
Event: 0.302 Loaded shared library C:\Program Files\Java\jdk-21\bin\instrument.dll
Event: 0.311 Loaded shared library C:\Program Files\Java\jdk-21\bin\net.dll
Event: 0.314 Loaded shared library C:\Program Files\Java\jdk-21\bin\nio.dll
Event: 0.317 Loaded shared library C:\Program Files\Java\jdk-21\bin\jimage.dll
Event: 0.319 Loaded shared library C:\Program Files\Java\jdk-21\bin\zip.dll
Event: 0.531 Loaded shared library C:\Program Files\Java\jdk-21\bin\extnet.dll
Event: 0.535 Loaded shared library C:\Program Files\Java\jdk-21\bin\management.dll
Event: 0.550 Loaded shared library C:\Program Files\Java\jdk-21\bin\management_ext.dll
Event: 2.047 Loaded shared library C:\Program Files\Java\jdk-21\bin\sunmscapi.dll
Event: 6.633 Loaded shared library C:\Users\zsham\AppData\Local\Temp\idea_libasyncProfiler_dll_temp_folder\libasyncProfiler.dll
Event: 6.861 Unloaded dll "C:\Users\zsham\AppData\Local\Temp\idea_libasyncProfiler_dll_temp_folder\libasyncProfiler.dll" [0x00007ffdf7000000]

Deoptimization events (4 events):
Event: 7.115 Thread 0x000001ebe25db0e0 DEOPT PACKING pc=0x000001eb9210219c sp=0x0000002761cfecd0
Event: 7.115 Thread 0x000001ebe25db0e0 DEOPT UNPACKING pc=0x000001eb91b94e42 sp=0x0000002761cfe1a0 mode 0
Event: 7.115 Thread 0x000001ebe25db0e0 DEOPT PACKING pc=0x000001eb92102edc sp=0x0000002761cfed40
Event: 7.115 Thread 0x000001ebe25db0e0 DEOPT UNPACKING pc=0x000001eb91b94e42 sp=0x0000002761cfe280 mode 0

Classes loaded (20 events):
Event: 6.800 Loading class sun/nio/ch/FileChannelImpl$DefaultUnmapper
Event: 6.800 Loading class sun/nio/ch/FileChannelImpl$DefaultUnmapper done
Event: 6.815 Loading class jdk/internal/org/objectweb/asm/tree/TableSwitchInsnNode
Event: 6.816 Loading class jdk/internal/org/objectweb/asm/tree/TableSwitchInsnNode done
Event: 6.826 Loading class jdk/jfr/internal/instrument/ConstructorTracerWriter
Event: 6.826 Loading class jdk/jfr/internal/instrument/ConstructorTracerWriter done
Event: 6.827 Loading class jdk/jfr/internal/instrument/ConstructorWriter
Event: 6.827 Loading class jdk/jfr/internal/instrument/ConstructorWriter done
Event: 6.855 Loading class jdk/jfr/internal/instrument/ThrowableTracer
Event: 6.855 Loading class jdk/jfr/internal/instrument/ThrowableTracer done
Event: 6.855 Loading class jdk/jfr/events/EventConfigurations
Event: 6.855 Loading class jdk/jfr/events/EventConfigurations done
Event: 6.856 Loading class jdk/jfr/internal/ShutdownHook
Event: 6.857 Loading class jdk/jfr/internal/ShutdownHook done
Event: 6.857 Loading class jdk/jfr/internal/ShutdownHook$ExceptionHandler
Event: 6.857 Loading class jdk/jfr/internal/ShutdownHook$ExceptionHandler done
Event: 6.858 Loading class jdk/jfr/internal/periodic/Batch
Event: 6.858 Loading class jdk/jfr/internal/periodic/Batch done
Event: 6.859 Loading class java/lang/Throwable$WrappedPrintStream
Event: 6.859 Loading class java/lang/Throwable$WrappedPrintStream done

Classes unloaded (0 events):
No events

Classes redefined (9 events):
Event: 6.832 Thread 0x000001eb9c62bd70 redefined class name=java.io.FileInputStream, count=1
Event: 6.832 Thread 0x000001eb9c62bd70 redefined class name=java.io.FileOutputStream, count=1
Event: 6.832 Thread 0x000001eb9c62bd70 redefined class name=java.io.RandomAccessFile, count=1
Event: 6.833 Thread 0x000001eb9c62bd70 redefined class name=sun.nio.ch.FileChannelImpl, count=1
Event: 6.833 Thread 0x000001eb9c62bd70 redefined class name=java.net.Socket$SocketInputStream, count=1
Event: 6.833 Thread 0x000001eb9c62bd70 redefined class name=java.net.Socket$SocketOutputStream, count=1
Event: 6.833 Thread 0x000001eb9c62bd70 redefined class name=sun.nio.ch.SocketChannelImpl, count=1
Event: 6.833 Thread 0x000001eb9c62bd70 redefined class name=java.lang.Throwable, count=1
Event: 6.833 Thread 0x000001eb9c62bd70 redefined class name=java.lang.Error, count=2

Internal exceptions (20 events):
Event: 3.851 Thread 0x000001eb87335d80 Exception <a 'java/lang/NoSuchMethodError'{0x0000000704fb8480}: 'int java.lang.invoke.DelegatingMethodHandle$Holder.reinvoke_L(java.lang.Object, java.lang.Object, java.lang.Object, java.lang.Object)'> (0x0000000704fb8480) 
thrown [s\open\src\hotspot\share\interpreter\linkResolver.cpp, line 773]
Event: 3.874 Thread 0x000001eb87335d80 Exception <a 'java/io/FileNotFoundException'{0x0000000704cd02f0}> (0x0000000704cd02f0) 
thrown [s\open\src\hotspot\share\prims\jni.cpp, line 520]
Event: 3.922 Thread 0x000001eb87335d80 Exception <a 'java/lang/NoSuchMethodError'{0x0000000704bc8320}: 'int java.lang.invoke.DirectMethodHandle$Holder.invokeInterface(java.lang.Object, java.lang.Object, java.lang.Object, java.lang.Object)'> (0x0000000704bc8320) 
thrown [s\open\src\hotspot\share\interpreter\linkResolver.cpp, line 773]
Event: 3.941 Thread 0x000001eb87335d80 Exception <a 'java/lang/NoSuchMethodError'{0x000000070490bde8}: 'void java.lang.invoke.Invokers$Holder.invokeExact_MT(java.lang.Object, java.lang.Object, java.lang.Object, java.lang.Object)'> (0x000000070490bde8) 
thrown [s\open\src\hotspot\share\interpreter\linkResolver.cpp, line 773]
Event: 3.942 Thread 0x000001eb87335d80 Exception <a 'java/lang/NoSuchMethodError'{0x0000000704918838}: 'void java.lang.invoke.DelegatingMethodHandle$Holder.reinvoke_L(java.lang.Object, java.lang.Object, long)'> (0x0000000704918838) 
thrown [s\open\src\hotspot\share\interpreter\linkResolver.cpp, line 773]
Event: 4.006 Thread 0x000001eb87335d80 Exception <a 'java/lang/NoSuchMethodError'{0x000000070459a098}: 'int java.lang.invoke.Invokers$Holder.invokeExact_MT(java.lang.Object, java.lang.Object, java.lang.Object)'> (0x000000070459a098) 
thrown [s\open\src\hotspot\share\interpreter\linkResolver.cpp, line 773]
Event: 4.013 Thread 0x000001eb87335d80 Exception <a 'java/lang/NoSuchMethodError'{0x00000007045c9f18}: 'java.lang.Object java.lang.invoke.DirectMethodHandle$Holder.invokeVirtual(java.lang.Object, java.lang.Object, int, int)'> (0x00000007045c9f18) 
thrown [s\open\src\hotspot\share\interpreter\linkResolver.cpp, line 773]
Event: 4.018 Thread 0x000001eb87335d80 Exception <a 'java/lang/NoSuchMethodError'{0x00000007045eafc8}: 'java.lang.Object java.lang.invoke.DirectMethodHandle$Holder.invokeStaticInit(java.lang.Object, java.lang.Object, java.lang.Object, java.lang.Object)'> (0x00000007045eafc8) 
thrown [s\open\src\hotspot\share\interpreter\linkResolver.cpp, line 773]
Event: 4.019 Thread 0x000001eb87335d80 Exception <a 'sun/nio/fs/WindowsException'{0x00000007045f1e08}> (0x00000007045f1e08) 
thrown [s\open\src\hotspot\share\prims\jni.cpp, line 520]
Event: 4.019 Thread 0x000001eb87335d80 Exception <a 'sun/nio/fs/WindowsException'{0x00000007045f2e70}> (0x00000007045f2e70) 
thrown [s\open\src\hotspot\share\prims\jni.cpp, line 520]
Event: 4.033 Thread 0x000001eb87335d80 Exception <a 'java/io/FileNotFoundException'{0x000000070422e2e0}> (0x000000070422e2e0) 
thrown [s\open\src\hotspot\share\prims\jni.cpp, line 520]
Event: 4.059 Thread 0x000001eb87335d80 Exception <a 'sun/nio/fs/WindowsException'{0x0000000704030f10}> (0x0000000704030f10) 
thrown [s\open\src\hotspot\share\prims\jni.cpp, line 520]
Event: 4.282 Thread 0x000001eb87335d80 Exception <a 'java/lang/NoSuchMethodError'{0x000000070ec915e8}: 'java.lang.Object java.lang.invoke.DirectMethodHandle$Holder.invokeStaticInit(java.lang.Object, long)'> (0x000000070ec915e8) 
thrown [s\open\src\hotspot\share\interpreter\linkResolver.cpp, line 773]
Event: 4.427 Thread 0x000001eb87335d80 Exception <a 'java/lang/NoSuchMethodError'{0x00000007064fa0d0}: 'java.lang.Object java.lang.invoke.DirectMethodHandle$Holder.invokeVirtual(java.lang.Object, java.lang.Object, java.lang.Object, java.lang.Object, java.lang.Object, java.lang.Object, java.lang.Object, java.lang.Object)'> (0x00000007064fa0d0) 
thrown [s\open\src\hotspot\share\interpreter\linkResolver.cpp, line 773]
Event: 4.485 Thread 0x000001eb87335d80 Exception <a 'java/lang/NoSuchMethodError'{0x00000007063d9718}: 'void java.lang.invoke.DirectMethodHandle$Holder.invokeVirtual(java.lang.Object, java.lang.Object, long)'> (0x00000007063d9718) 
thrown [s\open\src\hotspot\share\interpreter\linkResolver.cpp, line 773]
Event: 4.485 Thread 0x000001eb87335d80 Exception <a 'java/lang/NoSuchMethodError'{0x00000007063dd558}: 'long java.lang.invoke.DirectMethodHandle$Holder.invokeStatic(java.lang.Object, java.lang.Object, int)'> (0x00000007063dd558) 
thrown [s\open\src\hotspot\share\interpreter\linkResolver.cpp, line 773]
Event: 4.501 Thread 0x000001eb87335d80 Exception <a 'java/lang/NoSuchMethodError'{0x00000007061af5d8}: 'java.lang.Object java.lang.invoke.DirectMethodHandle$Holder.newInvokeSpecial(java.lang.Object, java.lang.Object, java.lang.Object, java.lang.Object, java.lang.Object, java.lang.Object, java.lang.Object, java.lang.Object, java.lang.Object, java.lang.Object, java.lang.Object, java.lang.Object)'> (0x00000007061af5d8) 
thrown [s\open\src\hotspot\share\interpreter\linkResolver.cpp, line 773]
Event: 4.502 Thread 0x000001eb87335d80 Exception <a 'java/lang/NoSuchMethodError'{0x00000007061b4b58}: 'java.lang.Object java.lang.invoke.DirectMethodHandle$Holder.invokeSpecial(java.lang.Object, java.lang.Object, java.lang.Object, java.lang.Object, java.lang.Object, java.lang.Object, java.lang.Object, java.lang.Object, java.lang.Object, java.lang.Object, java.lang.Object, java.lang.Object, java.lang.Object)'> (0x00000007061b4b58) 
thrown [s\open\src\hotspot\share\interpreter\linkResolver.cpp, line 773]
Event: 4.575 Thread 0x000001eb87335d80 Exception <a 'java/lang/NoSuchMethodError'{0x0000000705ace9d8}: 'void java.lang.invoke.DelegatingMethodHandle$Holder.reinvoke_L(java.lang.Object, java.lang.Object, java.lang.Object, java.lang.Object, int, java.lang.Object, java.lang.Object, java.lang.Object)'> (0x0000000705ace9d8) 
thrown [s\open\src\hotspot\share\interpreter\linkResolver.cpp, line 773]
Event: 6.855 Thread 0x000001eb9c64fef0 Exception <a 'java/lang/NoSuchMethodError'{0x0000000704f8e4a8}: 'java.lang.Object java.lang.invoke.DirectMethodHandle$Holder.newInvokeSpecial(java.lang.Object, java.lang.Object, int)'> (0x0000000704f8e4a8) 
thrown [s\open\src\hotspot\share\interpreter\linkResolver.cpp, line 773]

ZGC Phase Switch (0 events):
No events

VM Operations (20 events):
Event: 4.029 Executing VM operation: HandshakeAllThreads (Deoptimize)
Event: 4.029 Executing VM operation: HandshakeAllThreads (Deoptimize) done
Event: 4.116 Executing VM operation: G1CollectForAllocation (G1 Evacuation Pause)
Event: 4.123 Executing VM operation: G1CollectForAllocation (G1 Evacuation Pause) done
Event: 4.196 Executing VM operation: HandshakeAllThreads (Deoptimize)
Event: 4.196 Executing VM operation: HandshakeAllThreads (Deoptimize) done
Event: 4.229 Executing VM operation: HandshakeAllThreads (Deoptimize)
Event: 4.229 Executing VM operation: HandshakeAllThreads (Deoptimize) done
Event: 4.933 Executing VM operation: G1CollectForAllocation (G1 Evacuation Pause)
Event: 4.943 Executing VM operation: G1CollectForAllocation (G1 Evacuation Pause) done
Event: 5.955 Executing VM operation: Cleanup
Event: 5.955 Executing VM operation: Cleanup done
Event: 6.762 Executing VM operation: HandshakeAllThreads (Deoptimize)
Event: 6.762 Executing VM operation: HandshakeAllThreads (Deoptimize) done
Event: 6.774 Executing VM operation: HandshakeAllThreads (Deoptimize)
Event: 6.774 Executing VM operation: HandshakeAllThreads (Deoptimize) done
Event: 6.828 Executing VM operation: RedefineClasses
Event: 6.852 Executing VM operation: RedefineClasses done
Event: 7.861 Executing VM operation: Cleanup
Event: 7.861 Executing VM operation: Cleanup done

Events (20 events):
Event: 3.370 Thread 0x000001eb9c62bd70 flushing nmethod 0x000001eb91f0f090
Event: 3.370 Thread 0x000001eb9c62bd70 flushing nmethod 0x000001eb91f19610
Event: 3.370 Thread 0x000001eb9c62bd70 flushing nmethod 0x000001eb91f2ca10
Event: 3.370 Thread 0x000001eb9c62bd70 flushing nmethod 0x000001eb91f77890
Event: 3.370 Thread 0x000001eb9c62bd70 flushing nmethod 0x000001eb91fb8e10
Event: 3.370 Thread 0x000001eb9c62bd70 flushing nmethod 0x000001eb92005590
Event: 3.370 Thread 0x000001eb9c62bd70 flushing nmethod 0x000001eb920da610
Event: 3.768 Thread 0x000001ebe2cdc640 Thread added: 0x000001ebe2cdc640
Event: 3.773 Thread 0x000001ebe2cdc640 Thread exited: 0x000001ebe2cdc640
Event: 4.049 Thread 0x000001ebe2cdc640 Thread added: 0x000001ebe2cdc640
Event: 4.050 Thread 0x000001ebe2cdb290 Thread added: 0x000001ebe2cdb290
Event: 4.050 Thread 0x000001ebe2cdb920 Thread added: 0x000001ebe2cdb920
Event: 4.050 Thread 0x000001ebe2cdb290 Thread exited: 0x000001ebe2cdb290
Event: 4.065 Thread 0x000001ebe2cdd360 Thread added: 0x000001ebe2cdd360
Event: 4.210 Thread 0x000001ebe2cdbfb0 Thread added: 0x000001ebe2cdbfb0
Event: 4.479 Thread 0x000001ebe2cdb290 Thread added: 0x000001ebe2cdb290
Event: 6.668 Thread 0x000001ebe2cdd9f0 Thread added: 0x000001ebe2cdd9f0
Event: 6.856 Thread 0x000001ebe6de3c30 Thread added: 0x000001ebe6de3c30
Event: 7.731 Thread 0x000001eb9c86b2d0 Thread exited: 0x000001eb9c86b2d0
Event: 7.911 Thread 0x000001eb9c866c10 Thread exited: 0x000001eb9c866c10


Dynamic libraries:
0x00007ff64bb10000 - 0x00007ff64bb20000 	C:\Program Files\Java\jdk-21\bin\java.exe
0x00007ffe25560000 - 0x00007ffe257c7000 	C:\WINDOWS\SYSTEM32\ntdll.dll
0x00007ffe24120000 - 0x00007ffe241e9000 	C:\WINDOWS\System32\KERNEL32.DLL
0x00007ffe21e30000 - 0x00007ffe22224000 	C:\WINDOWS\System32\KERNELBASE.dll
0x00007ffe22aa0000 - 0x00007ffe22beb000 	C:\WINDOWS\System32\ucrtbase.dll
0x00007ffe1d150000 - 0x00007ffe1d16b000 	C:\Program Files\Java\jdk-21\bin\VCRUNTIME140.dll
0x00007ffe1d130000 - 0x00007ffe1d149000 	C:\Program Files\Java\jdk-21\bin\jli.dll
0x00007ffe248d0000 - 0x00007ffe24986000 	C:\WINDOWS\System32\ADVAPI32.dll
0x00007ffe23cc0000 - 0x00007ffe23d69000 	C:\WINDOWS\System32\msvcrt.dll
0x00007ffe24c30000 - 0x00007ffe24cd7000 	C:\WINDOWS\System32\sechost.dll
0x00007ffe23e00000 - 0x00007ffe23f18000 	C:\WINDOWS\System32\RPCRT4.dll
0x00007ffe246f0000 - 0x00007ffe248b5000 	C:\WINDOWS\System32\USER32.dll
0x00007ffe232c0000 - 0x00007ffe232e7000 	C:\WINDOWS\System32\win32u.dll
0x00007ffe0d770000 - 0x00007ffe0da03000 	C:\WINDOWS\WinSxS\amd64_microsoft.windows.common-controls_6595b64144ccf1df_6.0.26100.8115_none_3e075c82e3354f9c\COMCTL32.dll
0x00007ffe24af0000 - 0x00007ffe24b1b000 	C:\WINDOWS\System32\GDI32.dll
0x00007ffe23190000 - 0x00007ffe232bb000 	C:\WINDOWS\System32\gdi32full.dll
0x00007ffe23030000 - 0x00007ffe230d3000 	C:\WINDOWS\System32\msvcp_win.dll
0x00007ffe1ac80000 - 0x00007ffe1ac8b000 	C:\WINDOWS\SYSTEM32\VERSION.dll
0x00007ffe24a80000 - 0x00007ffe24ab2000 	C:\WINDOWS\System32\IMM32.DLL
0x00007ffe1d120000 - 0x00007ffe1d12c000 	C:\Program Files\Java\jdk-21\bin\vcruntime140_1.dll
0x00007ffe1d050000 - 0x00007ffe1d0de000 	C:\Program Files\Java\jdk-21\bin\msvcp140.dll
0x00007ffdf7db0000 - 0x00007ffdf8acd000 	C:\Program Files\Java\jdk-21\bin\server\jvm.dll
0x00007ffe23d70000 - 0x00007ffe23df0000 	C:\WINDOWS\System32\WS2_32.dll
0x00007ffe21cb0000 - 0x00007ffe21d0e000 	C:\WINDOWS\SYSTEM32\POWRPROF.dll
0x00007ffe0dae0000 - 0x00007ffe0db16000 	C:\WINDOWS\SYSTEM32\WINMM.dll
0x00007ffe21c90000 - 0x00007ffe21ca4000 	C:\WINDOWS\SYSTEM32\UMPDC.dll
0x00007ffe20b80000 - 0x00007ffe20b9b000 	C:\WINDOWS\SYSTEM32\kernel.appcore.dll
0x00007ffe1d110000 - 0x00007ffe1d11a000 	C:\Program Files\Java\jdk-21\bin\jimage.dll
0x00007ffe1fcb0000 - 0x00007ffe1fef2000 	C:\WINDOWS\SYSTEM32\DBGHELP.DLL
0x00007ffe25180000 - 0x00007ffe25502000 	C:\WINDOWS\System32\combase.dll
0x00007ffe249a0000 - 0x00007ffe24a78000 	C:\WINDOWS\System32\OLEAUT32.dll
0x00007ffe097a0000 - 0x00007ffe097db000 	C:\WINDOWS\SYSTEM32\dbgcore.DLL
0x00007ffe230e0000 - 0x00007ffe23185000 	C:\WINDOWS\System32\bcryptPrimitives.dll
0x00007ffe1d100000 - 0x00007ffe1d10f000 	C:\Program Files\Java\jdk-21\bin\instrument.dll
0x00007ffe1d030000 - 0x00007ffe1d04f000 	C:\Program Files\Java\jdk-21\bin\java.dll
0x00007ffe232f0000 - 0x00007ffe23a57000 	C:\WINDOWS\System32\SHELL32.dll
0x00007ffe22d40000 - 0x00007ffe22eaa000 	C:\WINDOWS\System32\wintypes.dll
0x00007ffe22230000 - 0x00007ffe22a98000 	C:\WINDOWS\System32\windows.storage.dll
0x00007ffe24020000 - 0x00007ffe24118000 	C:\WINDOWS\System32\SHCORE.dll
0x00007ffe24ba0000 - 0x00007ffe24c06000 	C:\WINDOWS\System32\shlwapi.dll
0x00007ffe21d50000 - 0x00007ffe21d79000 	C:\WINDOWS\SYSTEM32\profapi.dll
0x00007ffe04d20000 - 0x00007ffe04d38000 	C:\Program Files\Java\jdk-21\bin\zip.dll
0x00007ffe05550000 - 0x00007ffe05560000 	C:\Program Files\Java\jdk-21\bin\net.dll
0x00007ffe19620000 - 0x00007ffe1974d000 	C:\WINDOWS\SYSTEM32\WINHTTP.dll
0x00007ffe210d0000 - 0x00007ffe2113c000 	C:\WINDOWS\system32\mswsock.dll
0x00007ffe04d40000 - 0x00007ffe04d56000 	C:\Program Files\Java\jdk-21\bin\nio.dll
0x00007ffe205f0000 - 0x00007ffe20722000 	C:\WINDOWS\SYSTEM32\DNSAPI.dll
0x00007ffe20560000 - 0x00007ffe20592000 	C:\WINDOWS\SYSTEM32\IPHLPAPI.DLL
0x00007ffe246e0000 - 0x00007ffe246ea000 	C:\WINDOWS\System32\NSI.dll
0x00007ffe1abd0000 - 0x00007ffe1abdb000 	C:\Windows\System32\rasadhlp.dll
0x00007ffe14710000 - 0x00007ffe14796000 	C:\WINDOWS\System32\fwpuclnt.dll
0x00007ffe04e00000 - 0x00007ffe04e09000 	C:\Program Files\Java\jdk-21\bin\extnet.dll
0x00007ffe04d10000 - 0x00007ffe04d1a000 	C:\Program Files\Java\jdk-21\bin\management.dll
0x00007ffe04440000 - 0x00007ffe0444b000 	C:\Program Files\Java\jdk-21\bin\management_ext.dll
0x00007ffe248c0000 - 0x00007ffe248c8000 	C:\WINDOWS\System32\PSAPI.DLL
0x00007ffe214d0000 - 0x00007ffe214eb000 	C:\WINDOWS\SYSTEM32\CRYPTSP.dll
0x00007ffe20ae0000 - 0x00007ffe20b19000 	C:\WINDOWS\system32\rsaenh.dll
0x00007ffe21180000 - 0x00007ffe211b3000 	C:\WINDOWS\SYSTEM32\USERENV.dll
0x00007ffe21d20000 - 0x00007ffe21d4a000 	C:\WINDOWS\SYSTEM32\bcrypt.dll
0x00007ffe21330000 - 0x00007ffe2133c000 	C:\WINDOWS\SYSTEM32\CRYPTBASE.dll
0x00007ffe01e50000 - 0x00007ffe01e68000 	C:\WINDOWS\system32\napinsp.dll
0x00007ffe01d50000 - 0x00007ffe01d63000 	C:\WINDOWS\System32\winrnr.dll
0x00007ffe01b50000 - 0x00007ffe01b72000 	C:\WINDOWS\system32\nlansp_c.dll
0x00007ffe19150000 - 0x00007ffe19166000 	C:\WINDOWS\system32\wshbth.dll
0x00007ffe09740000 - 0x00007ffe09796000 	C:\WINDOWS\SYSTEM32\pdh.dll
0x00007ffdfe930000 - 0x00007ffdfe942000 	C:\WINDOWS\System32\perfproc.dll
0x00007ffdfe910000 - 0x00007ffdfe921000 	C:\WINDOWS\System32\perfos.dll
0x00007ffe1f410000 - 0x00007ffe1f422000 	C:\WINDOWS\SYSTEM32\pfclient.dll
0x00007ffe04430000 - 0x00007ffe0443e000 	C:\Program Files\Java\jdk-21\bin\sunmscapi.dll
0x00007ffe22eb0000 - 0x00007ffe23027000 	C:\WINDOWS\System32\CRYPT32.dll
0x00007ffe21630000 - 0x00007ffe21660000 	C:\WINDOWS\SYSTEM32\ncrypt.dll
0x00007ffe215e0000 - 0x00007ffe2161f000 	C:\WINDOWS\SYSTEM32\NTASN1.dll
0x00007ffe19d50000 - 0x00007ffe19d6d000 	C:\WINDOWS\SYSTEM32\dhcpcsvc6.DLL
0x00007ffe19210000 - 0x00007ffe19235000 	C:\WINDOWS\SYSTEM32\dhcpcsvc.DLL

dbghelp: loaded successfully - version: 4.0.5 - missing functions: none
symbol engine: initialized successfully - sym options: 0x614 - pdb path: .;C:\Program Files\Java\jdk-21\bin;C:\WINDOWS\SYSTEM32;C:\WINDOWS\WinSxS\amd64_microsoft.windows.common-controls_6595b64144ccf1df_6.0.26100.8115_none_3e075c82e3354f9c;C:\Program Files\Java\jdk-21\bin\server;C:\Users\zsham\AppData\Local\Temp\idea_libasyncProfiler_dll_temp_folder

VM Arguments:
jvm_args: -XX:TieredStopAtLevel=1 -Dspring.output.ansi.enabled=always -Dcom.sun.management.jmxremote -Dspring.jmx.enabled=true -Dspring.liveBeansView.mbeanDomain -Dspring.application.admin.enabled=true -Dmanagement.endpoints.jmx.exposure.include=* -javaagent:C:\Program Files\JetBrains\IntelliJ IDEA 2026.1\lib\idea_rt.jar=60194 -Dfile.encoding=UTF-8 -Dsun.stdout.encoding=UTF-8 -Dsun.stderr.encoding=UTF-8 
java_command: com.haider.SecureTaskManagement.SecureTaskManagementApplication
java_class_path (initial): E:\SecureTaskManagement\target\classes;C:\Users\zsham\.m2\repository\org\springframework\boot\spring-boot-starter-data-jpa\4.0.3\spring-boot-starter-data-jpa-4.0.3.jar;C:\Users\zsham\.m2\repository\org\springframework\boot\spring-boot-starter\4.0.3\spring-boot-starter-4.0.3.jar;C:\Users\zsham\.m2\repository\org\springframework\boot\spring-boot-starter-logging\4.0.3\spring-boot-starter-logging-4.0.3.jar;C:\Users\zsham\.m2\repository\ch\qos\logback\logback-classic\1.5.32\logback-classic-1.5.32.jar;C:\Users\zsham\.m2\repository\ch\qos\logback\logback-core\1.5.32\logback-core-1.5.32.jar;C:\Users\zsham\.m2\repository\org\apache\logging\log4j\log4j-to-slf4j\2.25.3\log4j-to-slf4j-2.25.3.jar;C:\Users\zsham\.m2\repository\org\apache\logging\log4j\log4j-api\2.25.3\log4j-api-2.25.3.jar;C:\Users\zsham\.m2\repository\org\slf4j\jul-to-slf4j\2.0.17\jul-to-slf4j-2.0.17.jar;C:\Users\zsham\.m2\repository\org\springframework\boot\spring-boot-autoconfigure\4.0.3\spring-boot-autoconfigure-4.0.3.jar;C:\Users\zsham\.m2\repository\jakarta\annotation\jakarta.annotation-api\3.0.0\jakarta.annotation-api-3.0.0.jar;C:\Users\zsham\.m2\repository\org\yaml\snakeyaml\2.5\snakeyaml-2.5.jar;C:\Users\zsham\.m2\repository\org\springframework\boot\spring-boot-starter-jdbc\4.0.3\spring-boot-starter-jdbc-4.0.3.jar;C:\Users\zsham\.m2\repository\com\zaxxer\HikariCP\7.0.2\HikariCP-7.0.2.jar;C:\Users\zsham\.m2\repository\org\slf4j\slf4j-api\2.0.17\slf4j-api-2.0.17.jar;C:\Users\zsham\.m2\repository\org\springframework\boot\spring-boot-data-jpa\4.0.3\spring-boot-data-jpa-4.0.3.jar;C:\Users\zsham\.m2\repository\org\springframework\boot\spring-boot-data-commons\4.0.3\spring-boot-data-commons-4.0.3.jar;C:\Users\zsham\.m2\repository\org\springframework\boot\spring-boot-persistence\4.0.3\spring-boot-persistence-4.0.3.jar;C:\Users\zsham\.m2\repository\org\springframework\data\spring-data-commons\4.0.3\spring-data-commons-4.0.3.jar;C:\Users\zsham\.m2\repository\org\springframework\boot\spring-boot-hibernate\4.0.3\spring-boot-hibernate-4.0.3.jar;C:\Users\zsham\.m2\repository\org\springframework\boot\spring-boot-jpa\4.0.3\spring-boot-jpa-4.0.3.jar;C:\Users\zsham\.m2\repository\jakarta\persistence\jakarta.persistence-api\3.2.0\jakarta.persistence-api-3.2.0.jar;C:\Users\zsham\.m2\repository\org\hibernate\orm\hibernate-core\7.2.4.Final\hibernate-core-7.2.4.Final.jar;C:\Users\zsham\.m2\repository\jakarta\transaction\jakarta.transaction-api\2.0.1\jakarta.transaction-api-2.0.1.jar;C:\Users\zsham\.m2\repository\org\hibernate\models\hibernate-models\1.0.1\hibernate-models-1.0.1.jar;C:\Users\zsham\.m2\repository\org\glassfish\jaxb\jaxb-runtime\4.0.6\jaxb-runtime-4.0.6.jar;C:\Users\zsham\.m2\repository\org\glassfish\jaxb\jaxb-core\4.0.6\jaxb-core-4.0.6.jar;C:\Users\zsham\.m2\repository\org\eclipse\angus\angus-activation\2.0.3\angus-activation-2.0.3.jar;C:\Users\zsham\.m2\repository\org\glassfish\jaxb\txw2\4.0.6\txw2-4.0.6.jar;C:\Users\zsham\.m2\repository\com\sun\istack\istack-commons-runtime\4.1.2\istack-commons-runtime-4.1.2.jar;C:\Users\zsham\.m2\repository\jakarta\inject\jakarta.inject-api\2.0.1\jakarta.inject-api-2.0.1.jar;C:\Users\zsham\.m2\repository\org\springframework\spring-orm\7.0.5\spring-orm-7.0.5.jar;C:\Users\zsham\.m2\repository\org\springframework\data\spring-data-jpa\4.0.3\spring-data-jpa-4.0.3.jar;C:\Users\zsham\.m2\repository\org\springframework\spring-context\7.0.5\spring-context-7.0.5.jar;C:\Users\zsham\.m2\repository\org\springframework\spring-tx\7.0.5\spring-tx-7.0.5.jar;C:\Users\zsham\.m2\repository\org\antlr\antlr4-runtime\4.13.2\antlr4-runtime-4.13.2.jar;C:\Users\zsham\.m2\repository\org\springframework\spring-aspects\7.0.5\spring-aspects-7.0.5.jar;C:\Users\zsham\.m2\repository\org\aspectj\aspectjweaver\1.9.25.1\aspectjweaver-1.9.25.1.jar;C:\Users\zsham\.m2\repository\org\springframework\boot\spring-boot-jdbc\4.0.3\spring-boot-jdbc-4.0.3.jar;C:\Users\zsham\.m2\repository\org\springframework\boot\spring-boot\4.0.3\spring-boot-4.0.3.jar;C:\Users\zsham\.m2\repository\org\springframework\boot\spring-boot-sql\4.0.3\spring-boot-sql-4.0.3.jar;C:\Users\zsham\.m2\repository\org\springframework\boot\spring-boot-transaction\4.0.3\spring-boot-transaction-4.0.3.jar;C:\Users\zsham\.m2\repository\org\springframework\spring-jdbc\7.0.5\spring-jdbc-7.0.5.jar;C:\Users\zsham\.m2\repository\org\springframework\boot\spring-boot-starter-webmvc\4.0.3\spring-boot-starter-webmvc-4.0.3.jar;C:\Users\zsham\.m2\repository\org\springframework\boot\spring-boot-starter-jackson\4.0.3\spring-boot-starter-jackson-4.0.3.jar;C:\Users\zsham\.m2\repository\org\springframework\boot\spring-boot-jackson\4.0.3\spring-boot-jackson-4.0.3.jar;C:\Users\zsham\.m2\repository\tools\jackson\core\jackson-databind\3.0.4\jackson-databind-3.0.4.jar;C:\Users\zsham\.m2\repository\tools\jackson\core\jackson-core\3.0.4\jackson-core-3.0.4.jar;C:\Users\zsham\.m2\repository\org\springframework\boot\spring-boot-starter-tomcat\4.0.3\spring-boot-starter-tomcat-4.0.3.jar;C:\Users\zsham\.m2\repository\org\springframework\boot\spring-boot-starter-tomcat-runtime\4.0.3\spring-boot-starter-tomcat-runtime-4.0.3.jar;C:\Users\zsham\.m2\repository\org\apache\tomcat\embed\tomcat-embed-core\11.0.18\tomcat-embed-core-11.0.18.jar;C:\Users\zsham\.m2\repository\org\apache\tomcat\embed\tomcat-embed-websocket\11.0.18\tomcat-embed-websocket-11.0.18.jar;C:\Users\zsham\.m2\repository\org\springframework\boot\spring-boot-tomcat\4.0.3\spring-boot-tomcat-4.0.3.jar;C:\Users\zsham\.m2\repository\org\springframework\boot\spring-boot-http-converter\4.0.3\spring-boot-http-converter-4.0.3.jar;C:\Users\zsham\.m2\repository\org\springframework\spring-web\7.0.5\spring-web-7.0.5.jar;C:\Users\zsham\.m2\repository\io\micrometer\micrometer-observation\1.16.3\micrometer-observation-1.16.3.jar;C:\Users\zsham\.m2\repository\io\micrometer\micrometer-commons\1.16.3\micrometer-commons-1.16.3.jar;C:\Users\zsham\.m2\repository\org\springframework\boot\spring-boot-webmvc\4.0.3\spring-boot-webmvc-4.0.3.jar;C:\Users\zsham\.m2\repository\org\springframework\boot\spring-boot-servlet\4.0.3\spring-boot-servlet-4.0.3.jar;C:\Users\zsham\.m2\repository\org\springframework\spring-webmvc\7.0.5\spring-webmvc-7.0.5.jar;C:\Users\zsham\.m2\repository\org\springframework\spring-expression\7.0.5\spring-expression-7.0.5.jar;C:\Users\zsham\.m2\repository\com\mysql\mysql-connector-j\9.6.0\mysql-connector-j-9.6.0.jar;C:\Users\zsham\.m2\repository\org\springframework\boot\spring-boot-starter-security\4.0.3\spring-boot-starter-security-4.0.3.jar;C:\Users\zsham\.m2\repository\org\springframework\boot\spring-boot-security\4.0.3\spring-boot-security-4.0.3.jar;C:\Users\zsham\.m2\repository\org\springframework\security\spring-security-config\7.0.3\spring-security-config-7.0.3.jar;C:\Users\zsham\.m2\repository\org\springframework\security\spring-security-core\7.0.3\spring-security-core-7.0.3.jar;C:\Users\zsham\.m2\repository\org\springframework\security\spring-security-crypto\7.0.3\spring-security-crypto-7.0.3.jar;C:\Users\zsham\.m2\repository\org\springframework\security\spring-security-web\7.0.3\spring-security-web-7.0.3.jar;C:\Users\zsham\.m2\repository\org\springframework\spring-aop\7.0.5\spring-aop-7.0.5.jar;C:\Users\zsham\.m2\repository\org\springframework\spring-beans\7.0.5\spring-beans-7.0.5.jar;C:\Users\zsham\.m2\repository\org\springframework\spring-core\7.0.5\spring-core-7.0.5.jar;C:\Users\zsham\.m2\repository\commons-logging\commons-logging\1.3.5\commons-logging-1.3.5.jar;C:\Users\zsham\.m2\repository\io\jsonwebtoken\jjwt-api\0.11.5\jjwt-api-0.11.5.jar;C:\Users\zsham\.m2\repository\io\jsonwebtoken\jjwt-impl\0.11.5\jjwt-impl-0.11.5.jar;C:\Users\zsham\.m2\repository\io\jsonwebtoken\jjwt-jackson\0.11.5\jjwt-jackson-0.11.5.jar;C:\Users\zsham\.m2\repository\com\fasterxml\jackson\core\jackson-databind\2.20.2\jackson-databind-2.20.2.jar;C:\Users\zsham\.m2\repository\com\fasterxml\jackson\core\jackson-annotations\2.20\jackson-annotations-2.20.jar;C:\Users\zsham\.m2\repository\com\fasterxml\jackson\core\jackson-core\2.20.2\jackson-core-2.20.2.jar;C:\Users\zsham\.m2\repository\jakarta\xml\bind\jakarta.xml.bind-api\4.0.4\jakarta.xml.bind-api-4.0.4.jar;C:\Users\zsham\.m2\repository\jakarta\activation\jakarta.activation-api\2.1.4\jakarta.activation-api-2.1.4.jar;C:\Users\zsham\.m2\repository\net\bytebuddy\byte-buddy\1.17.8\byte-buddy-1.17.8.jar;C:\Users\zsham\.m2\repository\org\springframework\boot\spring-boot-web-server\4.0.3\spring-boot-web-server-4.0.3.jar;C:\Users\zsham\.m2\repository\org\springdoc\springdoc-openapi-starter-webmvc-ui\3.0.0\springdoc-openapi-starter-webmvc-ui-3.0.0.jar;C:\Users\zsham\.m2\repository\org\springdoc\springdoc-openapi-starter-webmvc-api\3.0.0\springdoc-openapi-starter-webmvc-api-3.0.0.jar;C:\Users\zsham\.m2\repository\org\springdoc\springdoc-openapi-starter-common\3.0.0\springdoc-openapi-starter-common-3.0.0.jar;C:\Users\zsham\.m2\repository\io\swagger\core\v3\swagger-core-jakarta\2.2.38\swagger-core-jakarta-2.2.38.jar;C:\Users\zsham\.m2\repository\org\apache\commons\commons-lang3\3.19.0\commons-lang3-3.19.0.jar;C:\Users\zsham\.m2\repository\io\swagger\core\v3\swagger-annotations-jakarta\2.2.38\swagger-annotations-jakarta-2.2.38.jar;C:\Users\zsham\.m2\repository\io\swagger\core\v3\swagger-models-jakarta\2.2.38\swagger-models-jakarta-2.2.38.jar;C:\Users\zsham\.m2\repository\com\fasterxml\jackson\dataformat\jackson-dataformat-yaml\2.20.2\jackson-dataformat-yaml-2.20.2.jar;C:\Users\zsham\.m2\repository\com\fasterxml\jackson\datatype\jackson-datatype-jsr310\2.20.2\jackson-datatype-jsr310-2.20.2.jar;C:\Users\zsham\.m2\repository\org\webjars\swagger-ui\5.30.1\swagger-ui-5.30.1.jar;C:\Users\zsham\.m2\repository\org\webjars\webjars-locator-lite\1.1.3\webjars-locator-lite-1.1.3.jar;C:\Users\zsham\.m2\repository\org\jspecify\jspecify\1.0.0\jspecify-1.0.0.jar;C:\Users\zsham\.m2\repository\org\mapstruct\mapstruct\1.5.5.Final\mapstruct-1.5.5.Final.jar;C:\Users\zsham\.m2\repository\org\mapstruct\mapstruct-processor\1.5.5.Final\mapstruct-processor-1.5.5.Final.jar;C:\Users\zsham\.m2\repository\org\springframework\boot\spring-boot-starter-data-redis\4.0.3\spring-boot-starter-data-redis-4.0.3.jar;C:\Users\zsham\.m2\repository\org\springframework\boot\spring-boot-data-redis\4.0.3\spring-boot-data-redis-4.0.3.jar;C:\Users\zsham\.m2\repository\io\lettuce\lettuce-core\6.8.2.RELEASE\lettuce-core-6.8.2.RELEASE.jar;C:\Users\zsham\.m2\repository\redis\clients\authentication\redis-authx-core\0.1.1-beta2\redis-authx-core-0.1.1-beta2.jar;C:\Users\zsham\.m2\repository\io\netty\netty-common\4.2.10.Final\netty-common-4.2.10.Final.jar;C:\Users\zsham\.m2\repository\io\netty\netty-handler\4.2.10.Final\netty-handler-4.2.10.Final.jar;C:\Users\zsham\.m2\repository\io\netty\netty-resolver\4.2.10.Final\netty-resolver-4.2.10.Final.jar;C:\Users\zsham\.m2\repository\io\netty\netty-buffer\4.2.10.Final\netty-buffer-4.2.10.Final.jar;C:\Users\zsham\.m2\repository\io\netty\netty-transport-native-unix-common\4.2.10.Final\netty-transport-native-unix-common-4.2.10.Final.jar;C:\Users\zsham\.m2\repository\io\netty\netty-codec-base\4.2.10.Final\netty-codec-base-4.2.10.Final.jar;C:\Users\zsham\.m2\repository\io\netty\netty-transport\4.2.10.Final\netty-transport-4.2.10.Final.jar;C:\Users\zsham\.m2\repository\io\projectreactor\reactor-core\3.8.3\reactor-core-3.8.3.jar;C:\Users\zsham\.m2\repository\org\reactivestreams\reactive-streams\1.0.4\reactive-streams-1.0.4.jar;C:\Users\zsham\.m2\repository\io\netty\netty-resolver-dns\4.2.10.Final\netty-resolver-dns-4.2.10.Final.jar;C:\Users\zsham\.m2\repository\io\netty\netty-codec-dns\4.2.10.Final\netty-codec-dns-4.2.10.Final.jar;C:\Users\zsham\.m2\repository\org\springframework\data\spring-data-redis\4.0.3\spring-data-redis-4.0.3.jar;C:\Users\zsham\.m2\repository\org\springframework\data\spring-data-keyvalue\4.0.3\spring-data-keyvalue-4.0.3.jar;C:\Users\zsham\.m2\repository\org\springframework\spring-oxm\7.0.5\spring-oxm-7.0.5.jar;C:\Users\zsham\.m2\repository\org\springframework\boot\spring-boot-netty\4.0.3\spring-boot-netty-4.0.3.jar;C:\Users\zsham\.m2\repository\org\springframework\boot\spring-boot-starter-cache\4.0.3\spring-boot-starter-cache-4.0.3.jar;C:\Users\zsham\.m2\repository\org\springframework\boot\spring-boot-cache\4.0.3\spring-boot-cache-4.0.3.jar;C:\Users\zsham\.m2\repository\org\springframework\spring-context-support\7.0.5\spring-context-support-7.0.5.jar;C:\Users\zsham\.m2\repository\org\springframework\boot\spring-boot-starter-validation\4.0.3\spring-boot-starter-validation-4.0.3.jar;C:\Users\zsham\.m2\repository\org\springframework\boot\spring-boot-validation\4.0.3\spring-boot-validation-4.0.3.jar;C:\Users\zsham\.m2\repository\org\apache\tomcat\embed\tomcat-embed-el\11.0.18\tomcat-embed-el-11.0.18.jar;C:\Users\zsham\.m2\repository\org\hibernate\validator\hibernate-validator\9.0.1.Final\hibernate-validator-9.0.1.Final.jar;C:\Users\zsham\.m2\repository\jakarta\validation\jakarta.validation-api\3.1.1\jakarta.validation-api-3.1.1.jar;C:\Users\zsham\.m2\repository\org\jboss\logging\jboss-logging\3.6.2.Final\jboss-logging-3.6.2.Final.jar;C:\Users\zsham\.m2\repository\com\fasterxml\classmate\1.7.3\classmate-1.7.3.jar;C:\Users\zsham\.m2\repository\com\bucket4j\bucket4j-core\8.7.0\bucket4j-core-8.7.0.jar
Launcher Type: SUN_STANDARD

[Global flags]
     intx CICompilerCount                          = 4                                         {product} {ergonomic}
     uint ConcGCThreads                            = 2                                         {product} {ergonomic}
     bool FlightRecorder                           = true                                      {product} {management}
     uint G1ConcRefinementThreads                  = 8                                         {product} {ergonomic}
   size_t G1HeapRegionSize                         = 2097152                                   {product} {ergonomic}
    uintx GCDrainStackTargetSize                   = 64                                        {product} {ergonomic}
   size_t InitialHeapSize                          = 268435456                                 {product} {ergonomic}
     bool ManagementServer                         = true                                      {product} {command line}
   size_t MarkStackSize                            = 4194304                                   {product} {ergonomic}
   size_t MaxHeapSize                              = 4263510016                                {product} {ergonomic}
   size_t MaxNewSize                               = 2556428288                                {product} {ergonomic}
   size_t MinHeapDeltaBytes                        = 2097152                                   {product} {ergonomic}
   size_t MinHeapSize                              = 8388608                                   {product} {ergonomic}
    uintx NonNMethodCodeHeapSize                   = 4096                                   {pd product} {ergonomic}
    uintx NonProfiledCodeHeapSize                  = 0                                      {pd product} {ergonomic}
     bool ProfileInterpreter                       = false                                  {pd product} {command line}
    uintx ProfiledCodeHeapSize                     = 0                                      {pd product} {ergonomic}
   size_t SoftMaxHeapSize                          = 4263510016                             {manageable} {ergonomic}
     intx TieredStopAtLevel                        = 1                                         {product} {command line}
     bool UseCompressedOops                        = true                           {product lp64_product} {ergonomic}
     bool UseG1GC                                  = true                                      {product} {ergonomic}
     bool UseLargePagesIndividualAllocation        = false                                  {pd product} {ergonomic}

Logging:
Log output configuration:
 #0: stdout all=warning uptime,level,tags foldmultilines=false
 #1: stderr all=off uptime,level,tags foldmultilines=false

Environment Variables:
JAVA_HOME=C:\Program Files\Java\jdk-21
PATH=C:\Program Files\Common Files\Oracle\Java\javapath;C:\WINDOWS\system32;C:\WINDOWS;C:\WINDOWS\System32\Wbem;C:\WINDOWS\System32\WindowsPowerShell\v1.0\;C:\WINDOWS\System32\OpenSSH\;C:\Program Files\dotnet\;C:\Program Files\Java\jdk-21\bin;C:\Program Files\Git\cmd;C:\Program Files\Docker\Docker\resources\bin;C:\Users\zsham\AppData\Local\Microsoft\WindowsApps;
USERNAME=zsham
OS=Windows_NT
PROCESSOR_IDENTIFIER=Intel64 Family 6 Model 142 Stepping 12, GenuineIntel
TMP=C:\Users\zsham\AppData\Local\Temp
TEMP=C:\Users\zsham\AppData\Local\Temp




Periodic native trim disabled

---------------  S Y S T E M  ---------------

OS:
 Windows 11 , 64 bit Build 26100 (10.0.26100.8246)
OS uptime: 0 days 0:17 hours
Hyper-V role detected

CPU: total 8 (initial active 8) (4 cores per cpu, 2 threads per core) family 6 model 142 stepping 12 microcode 0x100, cx8, cmov, fxsr, ht, mmx, 3dnowpref, sse, sse2, sse3, ssse3, sse4.1, sse4.2, popcnt, lzcnt, tsc, tscinvbit, avx, avx2, aes, erms, clmul, bmi1, bmi2, adx, fma, vzeroupper, clflush, clflushopt, hv, rdtscp, f16c
Processor Information for all 8 processors :
  Max Mhz: 1800, Current Mhz: 1600, Mhz Limit: 1584

Memory: 4k page, system-wide physical 16259M (6784M free)
TotalPageFile size 19203M (AvailPageFile size 9595M)
current process WorkingSet (physical memory assigned to process): 247M, peak: 247M
current process commit charge ("private bytes"): 309M, peak: 387M

vm_info: Java HotSpot(TM) 64-Bit Server VM (21.0.8+12-LTS-250) for windows-amd64 JRE (21.0.8+12-LTS-250), built on 2025-06-27T08:11:22Z by "mach5one" with MS VC++ 17.6 (VS2022)

END.
